Time,Qin,Qout,Level,TargetLevel
0,0.06283759215862661,16.5673652,52.5,55
60,0.031017993565518598,16.5673652,52.4,55
120,0.06283759215862661,16.5673652,52.4,55
180,0.031017993565518598,16.5673652,52.3,55
240,0.031017993565518598,16.5673652,52.3,55
300,0.031017993565518598,16.5673652,52.3,55
360,0.031017993565518598,16.5673652,52.2,55
420,0.06283759215862661,16.5673652,52.2,55
480,0.031017993565518598,16.308551,52.1,55
540,0.06283759215862661,16.308551,52.1,55
600,0.031017993565518598,16.308551,52.1,55
660,0.031017993565518598,16.308551,52.0,55
720,0.06283759215862661,16.308551,52.0,55
780,0.031017993565518598,17.4394106,51.9,55
840,0.031017993565518598,17.4394106,51.9,55
900,0.06283759215862661,17.4394106,51.8,55
960,0.031017993565518598,17.4394106,51.8,55
1020,-0.0008016050275783115,19.1363052,51.8,55
1080,0.031017993565518598,19.1363052,51.7,55
1140,0.06283759215862661,19.1363052,51.7,55
1200,0.031017993565518598,19.1363052,51.6,55
1260,0.031017993565518598,19.1363052,51.6,55
1320,0.031017993565518598,18.7597848,51.5,55
1380,0.031017993565518598,18.7597848,51.5,55
1440,0.031017993565518598,18.7597848,51.4,55
1500,0.031017993565518598,18.7597848,51.4,55
1560,0.031017993565518598,18.7597848,51.3,55
1620,0.031017993565518598,17.7330304,51.3,55
1680,0.031017993565518598,17.7330304,51.3,55
1740,0.031017993565518598,17.7330304,51.2,55
1800,0.031017993565518598,17.7330304,51.2,55
1860,0.031017993565518598,17.7330304,51.1,55
1920,0.031017993565518598,16.9856068,51.1,55
1980,0.031017993565518598,16.9856068,51.0,55
2040,0.06283759215862661,16.9856068,51.0,55
2100,0.031017993565518598,16.9856068,51.0,55
2160,0.031017993565518598,16.9856068,50.9,55
2220,0.031017993565518598,16.6888823,50.9,55
2280,0.031017993565518598,16.6888823,50.8,55
2340,0.06283759215862661,16.6888823,50.8,55
2400,0.031017993565518598,16.6888823,50.8,55
2460,0.031017993565518598,17.3544765,50.7,55
2520,0.031017993565518598,17.3544765,50.7,55
2580,0.031017993565518598,17.3544765,50.6,55
2640,-0.0008016050275783115,17.3544765,50.6,55
2700,0.031017993565518598,17.3544765,50.5,55
2760,0.031017993565518598,17.8218263,50.5,55
2820,0.031017993565518598,17.8218263,50.5,55
2880,0.031017993565518598,17.8218263,50.4,55
2940,0.031017993565518598,17.8218263,50.4,55
3000,0.06283759215862661,17.8218263,50.3,55
3060,0.031017993565518598,18.1274955,50.3,55
3120,0.031017993565518598,18.1274955,50.2,55
3180,0.06283759215862661,18.1274955,50.2,55
3240,0.031017993565518598,18.1274955,50.1,55
3300,0.031017993565518598,18.1274955,50.1,55
3360,0.031017993565518598,18.2209805,50.1,55
3420,0.031017993565518598,18.2209805,50.0,55
3480,0.031017993565518598,18.2209805,50.0,55
3540,0.031017993565518598,18.2209805,49.9,55
3600,0.031017993565518598,18.2209805,49.9,55
3660,0.031017993565518598,18.64702,49.8,55
3720,0.4128531766827259,18.64702,49.8,55
3780,1.940193909151544,18.64702,49.7,55
3840,3.594813035992761,18.64702,49.7,55
3900,5.631267345951175,18.6778833,49.7,55
3960,8.081376437619902,18.6778833,49.7,55
4020,10.88150111381272,18.6778833,49.6,55
4080,14.063460973122755,18.6778833,49.6,55
4140,17.56361681836378,18.6778833,49.6,55
4200,19.759169121287712,18.5444921,49.6,55
4260,21.191051057977216,18.5444921,49.6,55
4320,22.750211389039144,18.5444921,49.6,55
4380,24.341191318694143,18.5444921,49.7,55
4440,25.868532051162973,18.5444921,49.7,55
4500,27.30041398785248,18.1540753,49.7,55
4560,28.573197931576487,18.1540753,49.7,55
4620,29.81416227670739,18.1540753,49.7,55
4680,30.95966782605901,18.1540753,49.8,55
4740,32.105173375410615,18.1540753,49.8,55
4800,32.51882815712093,17.62776,49.9,55
4860,32.55064775571404,17.62776,49.9,55
4920,32.55064775571404,17.62776,49.9,55
4980,32.55064775571404,17.62776,50.0,55
5040,32.51882815712093,17.62776,50.0,55
5100,32.58246735430712,18.326131,50.0,55
5160,32.51882815712093,18.326131,50.1,55
5220,32.55064775571404,18.326131,50.1,55
5280,32.200632171189916,18.326131,50.1,55
5340,31.118765819024507,18.2694705,50.2,55
5400,29.01867231187989,18.2694705,50.2,55
5460,24.373010917287253,18.2694705,50.2,55
5520,22.527474198887433,18.2694705,50.2,55
5580,20.872855072046214,18.2694705,50.2,55
5640,19.822808318473907,17.902114,50.2,55
5700,18.70912236771539,17.902114,50.2,55
5760,17.59543641695689,17.902114,50.2,55
5820,16.64084845916388,17.902114,50.2,55
5880,15.74989969855707,17.902114,50.2,55
5940,14.890770536543362,17.244003,50.2,55
6000,14.031641374529658,17.244003,50.2,55
6060,13.267971008295243,17.244003,50.2,55
6120,12.536120240653936,17.244003,50.2,55
6180,11.836089071605738,17.244003,50.2,55
6240,11.167877501150624,16.6657269,50.2,55
6300,10.563305127881717,16.6657269,50.1,55
6360,9.95873275461282,16.6657269,50.1,55
6420,9.417799578530106,16.6657269,50.1,55
6480,8.876866402447403,16.6657269,50.1,55
6540,8.367752824957797,17.819349,50.1,55
6600,7.954098043247493,17.819349,50.0,55
6660,7.444984465757887,17.819349,50.0,55
6720,7.094968881233788,17.819349,50.0,55
6780,6.649494500930386,19.1239116,50.0,55
6840,6.299478916406276,19.1239116,49.9,55
6900,6.044922127661478,19.1239116,49.9,55
6960,6.172200522033878,19.1239116,49.9,55
7020,6.585855303744181,19.1239116,49.8,55
7080,7.317706071385488,19.4737452,49.8,55
7140,8.367752824957797,19.4737452,49.8,55
7200,9.60871717008871,19.4737452,49.8,55
7260,11.295155895523024,19.4737452,49.7,55
7320,13.363429804074546,19.4737452,49.7,55
7380,15.304425318253667,18.6103761,49.7,55
7440,17.81817360710859,18.6103761,49.7,55
7500,20.522839487522116,18.6103761,49.7,55
7560,23.036587776377026,18.6103761,49.7,55
7620,24.373010917287253,18.6103761,49.7,55
7680,25.709434058197456,18.3200866,49.8,55
7740,27.141315994886984,18.3200866,49.8,55
7800,28.414099938610992,18.3200866,49.8,55
7860,29.62324468514881,18.3200866,49.8,55
7920,30.800569833093515,18.3200866,49.9,55
7980,31.88243618525892,18.6669026,49.9,55
8040,32.58246735430712,18.6669026,49.9,55
8100,32.51882815712093,18.6669026,50.0,55
8160,32.51882815712093,18.6669026,50.0,55
8220,32.58246735430712,18.7781972,50.0,55
8280,32.51882815712093,18.7781972,50.1,55
8340,32.45518895993473,18.7781972,50.1,55
8400,31.977894981038226,18.7781972,50.1,55
8460,30.800569833093515,18.7781972,50.2,55
8520,29.46414669218329,18.1294632,50.2,55
8580,27.714068769562772,18.1294632,50.2,55
8640,25.45487726945266,18.1294632,50.2,55
8700,22.813850586225335,18.1294632,50.2,55
8760,20.713757079080718,18.1294632,50.2,55
8820,19.66371032550841,18.3681507,50.3,55
8880,18.70912236771539,18.3681507,50.3,55
8940,17.627256015549985,18.3681507,50.3,55
9000,16.609028860570774,18.3681507,50.2,55
9060,15.622621304184669,18.3681507,50.2,55
9120,14.731672543577856,19.5541061,50.2,55
9180,13.936182578750355,19.5541061,50.2,55
9240,13.140692613922845,19.5541061,50.2,55
9300,12.37702224768844,19.5541061,50.2,55
9360,11.645171480047134,19.5541061,50.2,55
9420,11.008779508185128,19.4851681,50.1,55
9480,10.372387536323124,19.4851681,50.1,55
9540,9.767815163054216,19.4851681,50.1,55
9600,9.195062388378405,19.4851681,50.1,55
9660,8.6859488108888,19.5704582,50.0,55
9720,8.208654831992302,19.5704582,50.0,55
9780,7.731360853095792,19.5704582,50.0,55
9840,7.2858864727923915,19.5704582,50.0,55
9900,6.872231691082087,19.5704582,49.9,55
9960,6.4903965079648795,20.2541194,49.9,55
10020,6.235839719220082,20.2541194,49.9,55
10080,6.522216106557988,20.2541194,49.8,55
10140,7.126788479826884,20.2541194,49.8,55
10200,8.081376437619902,20.2541194,49.8,55
10260,9.895093557426616,20.5368896,49.7,55
10320,11.676991078640231,20.5368896,49.7,55
10380,13.777084585784849,20.5368896,49.7,55
10440,15.654440902777766,20.5368896,49.7,55
10500,18.454565578970595,20.5368896,49.7,55
10560,21.700164635466823,20.9539653,49.7,55
10620,23.83207774120455,20.9539653,49.7,55
10680,25.104861684928558,20.9539653,49.7,55
10740,26.37764562865257,20.9539653,49.7,55
10800,27.74588836815588,20.9539653,49.7,55
10860,29.050491910473,20.7811564,49.7,55
10920,30.323275854197007,20.7811564,49.8,55
10980,31.468781403548608,20.7811564,49.8,55
11040,32.48700855852782,20.7811564,49.8,55
11100,32.55064775571404,19.6248132,49.9,55
11160,32.51882815712093,19.6248132,49.9,55
11220,32.55064775571404,19.6248132,49.9,55
11280,32.51882815712093,19.6248132,50.0,55
11340,32.51882815712093,19.6248132,50.0,55
11400,32.55064775571404,18.2136619,50.0,55
11460,32.51882815712093,18.2136619,50.1,55
11520,32.51882815712093,18.2136619,50.1,55
11580,31.818796988072727,18.2136619,50.1,55
11640,30.51419344575561,18.2136619,50.2,55
11700,28.859574318914394,16.7741547,50.2,55
11760,26.823120008955968,16.7741547,50.2,55
11820,24.563928508845855,16.7741547,50.2,55
11880,21.700164635466823,16.7741547,50.2,55
11940,20.777396276266913,16.7741547,50.2,55
12000,19.66371032550841,17.023907,50.3,55
12060,18.550024374749896,17.023907,50.3,55
12120,17.531797219770684,17.023907,50.3,55
12180,16.54538966338458,17.023907,50.3,55
12240,15.622621304184669,17.023907,50.3,55
12300,14.795311740764062,19.2258518,50.2,55
12360,13.936182578750355,19.2258518,50.2,55
12420,13.17251221251594,19.2258518,50.2,55
12480,12.408841846281538,19.2258518,50.2,55
12540,11.740630275826437,20.8231253,50.2,55
12600,11.072418705371323,20.8231253,50.2,55
12660,10.467846332102415,20.8231253,50.1,55
12720,9.895093557426616,20.8231253,50.1,55
12780,9.322340782750803,20.8231253,50.1,55
12840,8.845046803854306,20.5268467,50.0,55
12900,8.3359332263647,20.5268467,50.0,55
12960,7.8268196488750945,20.5268467,50.0,55
13020,7.41316486716479,20.5268467,50.0,55
13080,6.967690486861389,20.5268467,49.9,55
13140,6.554035705151085,19.4978461,49.9,55
13200,6.776772895302785,19.4978461,49.9,55
13260,7.094968881233788,19.4978461,49.8,55
13320,7.795000050281997,19.4978461,49.8,55
13380,8.6859488108888,19.4978461,49.8,55
13440,9.990552353205917,18.3659207,49.7,55
13500,11.613351881454026,18.3659207,49.7,55
13560,13.64980619141245,18.3659207,49.7,55
13620,15.654440902777766,18.3659207,49.7,55
13680,18.04091079726029,18.3659207,49.7,55
13740,20.618298283301417,18.2108725,49.7,55
13800,23.195685769342546,18.2108725,49.7,55
13860,24.62756770603205,18.2108725,49.7,55
13920,25.995810445535362,18.2108725,49.8,55
13980,27.332233586445586,18.6435625,49.8,55
14040,28.636837128762682,18.6435625,49.8,55
14100,29.8459818753005,18.6435625,49.8,55
14160,30.99148742465212,18.6435625,49.9,55
14220,32.105173375410615,18.6435625,49.9,55
14280,32.55064775571404,18.507381,49.9,55
14340,32.51882815712093,18.507381,50.0,55
14400,32.58246735430712,18.507381,50.0,55
14460,32.51882815712093,18.507381,50.0,55
14520,32.55064775571404,18.507381,50.1,55
14580,32.13699297400372,19.3901992,50.1,55
14640,31.118765819024507,19.3901992,50.1,55
14700,29.81416227670739,19.3901992,50.2,55
14760,28.032264755493784,19.3901992,50.2,55
14820,26.091269241314663,19.3901992,50.2,55
14880,24.118454128542453,19.6500007,50.2,55
14940,21.350149050942726,19.6500007,50.2,55
15000,19.918267114253208,19.6500007,50.2,55
15060,19.027318353646404,19.6500007,50.2,55
15120,17.977271600074086,19.6500007,50.2,55
15180,16.86358564931558,19.2884231,50.2,55
15240,15.908997691522575,19.2884231,50.2,55
15300,15.01804893091576,19.2884231,50.2,55
15360,14.190739367495153,19.2884231,50.2,55
15420,13.299790606888351,19.4959406,50.2,55
15480,12.567939839247044,19.4959406,50.1,55
15540,11.867908670198835,19.4959406,50.1,55
15600,11.23151669833683,19.4959406,50.1,55
15660,10.53148552928862,19.4959406,50.1,55
15720,9.926913156019712,18.6798435,50.1,55
15780,9.385979979937009,18.6798435,50.0,55
15840,8.81322720526121,18.6798435,50.0,55
15900,8.304113627771603,18.6798435,50.0,55
15960,7.8268196488750945,18.6798435,50.0,55
16020,7.41316486716479,19.3896156,49.9,55
16080,7.0631492826406905,19.3896156,49.9,55
16140,6.935870888268292,19.3896156,49.9,55
16200,7.190427677013089,19.3896156,49.8,55
16260,7.699541254502695,19.3896156,49.8,55
16320,8.654129212295702,20.0574955,49.8,55
16380,9.83145436024041,20.0574955,49.8,55
16440,11.263336296929927,20.0574955,49.7,55
16500,13.108873015329747,20.0574955,49.7,55
16560,15.431703712626065,20.0574955,49.7,55
16620,17.404518825398284,18.9097385,49.7,55
16680,20.14100430440491,18.9097385,49.7,55
16740,22.87748978341153,18.9097385,49.7,55
16800,24.85030489618376,18.9097385,49.7,55
16860,26.059449642721553,19.2826362,49.7,55
16920,27.36405318503867,19.2826362,49.8,55
16980,28.700476325948898,19.2826362,49.8,55
17040,29.973260269672906,19.2826362,49.8,55
17100,32.200632171189916,19.2826362,49.8,55
17160,32.51882815712093,18.7395015,49.9,55
17220,32.51882815712093,18.7395015,49.9,55
17280,32.55064775571404,18.7395015,49.9,55
17340,32.51882815712093,18.7395015,50.0,55
17400,32.51882815712093,18.7395015,50.0,55
17460,32.51882815712093,17.9703698,50.1,55
17520,32.51882815712093,17.9703698,50.1,55
17580,31.977894981038226,17.9703698,50.1,55
17640,30.8323894316866,17.9703698,50.2,55
17700,29.305048699217796,17.9703698,50.2,55
17760,27.30041398785248,19.3524822,50.2,55
17820,24.945763691963062,19.3524822,50.2,55
17880,22.20927821295643,19.3524822,50.2,55
17940,20.872855072046214,19.3524822,50.2,55
18000,19.88644751566011,19.3524822,50.2,55
18060,18.7409419663085,19.5367941,50.2,55
18120,17.722714811329286,19.5367941,50.2,55
18180,16.704487656350075,19.5367941,50.2,55
18240,15.781719297150165,19.5367941,50.2,55
18300,14.92259013513646,19.3763154,50.2,55
18360,14.063460973122755,19.3763154,50.2,55
18420,13.267971008295243,19.3763154,50.2,55
18480,12.504300642060839,19.3763154,50.1,55
18540,11.80426947301263,19.3763154,50.1,55
18600,11.199697099743721,19.0666091,50.1,55
18660,10.563305127881717,19.0666091,50.1,55
18720,9.95873275461282,19.0666091,50.1,55
18780,9.417799578530106,19.0666091,50.0,55
18840,8.876866402447403,19.0666091,50.0,55
18900,8.367752824957797,18.5780936,50.0,55
18960,7.890458846061299,18.5780936,50.0,55
19020,7.444984465757887,18.5780936,49.9,55
19080,7.0313296840475825,18.5780936,49.9,55
19140,7.190427677013089,18.5780936,49.9,55
19200,7.41316486716479,19.2180524,49.9,55
19260,8.017737240433698,19.2180524,49.8,55
19320,8.654129212295702,19.2180524,49.8,55
19380,9.449619177123214,19.2180524,49.8,55
19440,10.690583522254126,19.2180524,49.8,55
19500,12.408841846281538,19.7405619,49.7,55
19560,14.381656959053757,19.7405619,49.7,55
19620,16.41811126901217,19.7405619,49.7,55
19680,18.58184397334299,19.7405619,49.7,55
19740,21.509247043908218,18.9111336,49.7,55
19800,23.92753653698385,18.9111336,49.7,55
19860,25.136681283521668,18.9111336,49.7,55
19920,26.47310442443187,18.9111336,49.8,55
19980,27.87316676252829,18.9111336,49.8,55
20040,29.11413110765919,18.5752398,49.8,55
20100,30.291456255603897,18.5752398,49.8,55
20160,31.405142206362413,18.5752398,49.9,55
20220,32.51882815712093,18.5752398,49.9,55
20280,32.51882815712093,18.5752398,49.9,55
20340,32.55064775571404,19.2124683,50.0,55
20400,32.55064775571404,19.2124683,50.0,55
20460,32.51882815712093,19.2124683,50.0,55
20520,32.51882815712093,19.2124683,50.1,55
20580,31.818796988072727,19.2124683,50.1,55
20640,30.76875023450041,18.8619435,50.1,55
20700,29.559605487962592,18.8619435,50.2,55
20760,27.74588836815588,18.8619435,50.2,55
20820,25.64579486101126,18.8619435,50.2,55
20880,23.60934055105284,18.8619435,50.2,55
20940,21.000133466418614,18.6418699,50.2,55
21000,19.6318907269153,18.6418699,50.2,55
21060,18.7409419663085,18.6418699,50.2,55
21120,17.722714811329286,18.6418699,50.2,55
21180,16.67266805775698,18.4530323,50.2,55
21240,15.686260501370864,18.4530323,50.2,55
21300,14.795311740764062,18.4530323,50.2,55
21360,13.968002177343452,18.4530323,50.2,55
21420,13.17251221251594,18.4530323,50.2,55
21480,12.37702224768844,18.0804711,50.2,55
21540,11.676991078640231,18.0804711,50.1,55
21600,11.040599106778226,18.0804711,50.1,55
21660,10.404207134916222,18.0804711,50.1,55
21720,9.767815163054216,18.0804711,50.1,55
21780,9.195062388378405,17.3893407,50.1,55
21840,8.6859488108888,17.3893407,50.0,55
21900,8.176835233399194,17.3893407,50.0,55
21960,7.731360853095792,17.3893407,50.0,55
22020,7.2858864727923915,17.3893407,50.0,55
22080,6.872231691082087,17.0149937,49.9,55
22140,6.522216106557988,17.0149937,49.9,55
22200,6.554035705151085,17.0149937,49.9,55
22260,6.076741726254575,17.0149937,49.9,55
22320,6.2676593178131785,17.0149937,49.8,55
22380,6.872231691082087,17.5748537,49.8,55
22440,7.795000050281997,17.5748537,49.8,55
22500,8.940505599633608,17.5748537,49.8,55
22560,10.372387536323124,17.5748537,49.8,55
22620,11.676991078640231,16.7794942,49.7,55
22680,15.972636888708768,16.7794942,49.7,55
22740,17.69089521273619,16.7794942,49.7,55
22800,19.6318907269153,16.7794942,49.8,55
22860,21.85926262843233,16.7794942,49.8,55
22920,24.118454128542453,15.8496637,49.8,55
22980,25.45487726945266,15.8496637,49.8,55
23040,26.823120008955968,15.8496637,49.8,55
23100,28.09590395267998,15.8496637,49.9,55
23160,29.305048699217796,15.8496637,49.9,55
23220,30.450554248569418,15.6121936,49.9,55
23280,31.56424019932791,15.6121936,50.0,55
23340,32.29609096696922,15.6121936,50.0,55
23400,32.48700855852782,15.6121936,50.1,55
23460,32.009714579631336,15.6121936,50.1,55
23520,31.373322607769303,15.9549328,50.1,55
23580,30.386915051383202,15.9549328,50.2,55
23640,28.382280340017886,15.9549328,50.2,55
23700,26.186728037093964,15.9549328,50.2,55
23760,23.768438544018334,15.9549328,50.2,55
23820,21.191051057977216,16.2301057,50.3,55
23880,20.204643501591114,16.2301057,50.3,55
23940,19.154596748018804,16.2301057,50.3,55
24000,18.072730395853387,16.2301057,50.3,55
24060,17.022683642281077,15.5743217,50.3,55
24120,16.06809568448807,15.5743217,50.3,55
24180,15.177146923881269,15.5743217,50.3,55
24240,14.34983736046066,15.5743217,50.3,55
24300,13.490708198446944,15.5743217,50.3,55
24360,12.758857430805637,15.6410735,50.3,55
24420,12.02700666316433,15.6410735,50.3,55
24480,11.390614691302325,15.6410735,50.2,55
24540,10.722403120847224,15.6410735,50.2,55
24600,10.117830747578315,15.6410735,50.2,55
24660,9.576897571495612,16.5481941,50.2,55
24720,9.03596439541291,16.5481941,50.2,55
24780,8.495031219330206,16.5481941,50.2,55
24840,8.017737240433698,16.5481941,50.1,55
24900,7.572262860130296,16.5481941,50.1,55
24960,7.158608078419992,16.4859893,50.1,55
25020,6.744953296709689,16.4859893,50.1,55
25080,6.363118113592481,16.4859893,50.0,55
25140,6.013102529068382,16.4859893,50.0,55
25200,5.694906543137379,16.4859893,50.0,55
25260,5.344890958613268,15.6639723,50.0,55
25320,5.026694972682266,15.6639723,49.9,55
25380,4.9312361769029645,15.6639723,49.9,55
25440,5.185792965647773,15.6639723,49.9,55
25500,5.344890958613268,16.6731375,49.9,55
25560,5.503988951578775,16.6731375,49.8,55
25620,6.2676593178131785,16.6731375,49.8,55
25680,7.349525669978596,16.6731375,49.8,55
25740,8.6859488108888,16.6731375,49.8,55
25800,10.372387536323124,17.2297374,49.8,55
25860,12.217924254722934,17.2297374,49.7,55
25920,14.063460973122755,17.2297374,49.7,55
25980,16.290832874639772,17.2297374,49.7,55
26040,18.58184397334299,17.2297374,49.7,55
26100,20.872855072046214,16.5423702,49.7,55
26160,23.259324966528737,16.5423702,49.8,55
26220,24.85030489618376,16.5423702,49.8,55
26280,26.186728037093964,16.5423702,49.8,55
26340,27.52315117800417,16.5423702,49.8,55
26400,28.859574318914394,15.8889033,49.9,55
26460,30.0368994668591,15.8889033,49.9,55
26520,31.150585417617616,15.8889033,49.9,55
26580,32.26427136837613,15.8889033,50.0,55
26640,32.51882815712093,15.8889033,50.0,55
26700,32.55064775571404,16.2731585,50.1,55
26760,32.51882815712093,16.2731585,50.1,55
26820,32.29609096696922,16.2731585,50.1,55
26880,31.246044213396917,16.2731585,50.2,55
26940,29.655064283741893,15.6735578,50.2,55
27000,27.236774790666285,15.6735578,50.2,55
27060,24.72302650181135,15.6735578,50.3,55
27120,21.89108222702543,15.6735578,50.3,55
27180,20.427380691742812,15.6735578,50.3,55
27240,19.536431931136,14.7521296,50.3,55
27300,18.454565578970595,14.7521296,50.3,55
27360,17.309060029618983,14.7521296,50.3,55
27420,16.290832874639772,14.7521296,50.3,55
27480,15.399884114032968,14.7521296,50.3,55
27540,14.540754952019252,14.9239527,50.3,55
27600,13.64980619141245,14.9239527,50.3,55
27660,12.822496627991843,14.9239527,50.3,55
27720,12.122465458943632,14.9239527,50.3,55
27780,11.45425388848853,14.9239527,50.3,55
27840,10.786042318033417,15.0799918,50.3,55
27900,10.149650346171413,15.0799918,50.3,55
27960,9.545077972902515,15.0799918,50.3,55
28020,9.004144796819801,15.0799918,50.2,55
28080,8.495031219330206,15.0799918,50.2,55
28140,7.985917641840601,14.8453531,50.2,55
28200,7.540443261537188,14.8453531,50.2,55
28260,7.094968881233788,14.8453531,50.2,55
28320,6.2676593178131785,14.8453531,50.2,55
28380,6.013102529068382,15.0917483,50.1,55
28440,5.663086944544271,15.0917483,50.1,55
28500,5.376710557206376,15.0917483,50.1,55
28560,5.058514571275374,15.0917483,50.1,55
28620,4.772138183937469,15.0917483,50.0,55
28680,4.485761796599563,15.8498832,50.0,55
28740,4.263024606447862,15.8498832,50.0,55
28800,3.9766482191099572,15.8498832,49.9,55
28860,4.072107014889259,15.8498832,49.9,55
28920,3.8175502261444616,15.8498832,49.9,55
28980,4.135746212075464,16.7157442,49.9,55
29040,4.581220592378865,16.7157442,49.8,55
29100,5.440349754392571,16.7157442,49.8,55
29160,6.585855303744181,16.7157442,49.8,55
29220,8.049556839026796,16.7157442,49.8,55
29280,9.672356367274915,18.2455621,49.7,55
29340,11.931547867385028,18.2455621,49.7,55
29400,13.936182578750355,18.2455621,49.7,55
29460,16.54538966338458,18.2455621,49.7,55
29520,19.1864163466119,18.2455621,49.7,55
29580,21.827443029839223,17.6316403,49.7,55
29640,23.22750536793563,17.6316403,49.7,55
29700,24.62756770603205,17.6316403,49.7,55
29760,26.091269241314663,17.6316403,49.8,55
29820,27.49133157941108,17.2855054,49.8,55
29880,28.700476325948898,17.2855054,49.8,55
29940,29.9414406710798,17.2855054,49.9,55
30000,30.99148742465212,17.2855054,49.9,55
30060,32.13699297400372,17.2855054,49.9,55
30120,32.55064775571404,16.8078614,50.0,55
30180,32.51882815712093,16.8078614,50.0,55
30240,32.55064775571404,16.8078614,50.0,55
30300,32.55064775571404,16.8078614,50.1,55
30360,32.55064775571404,16.8078614,50.1,55
30420,31.755157790886514,16.2810157,50.2,55
30480,30.0368994668591,16.2810157,50.2,55
30540,28.31864114283169,16.2810157,50.2,55
30600,26.02763004412847,16.2810157,50.2,55
30660,23.418422959494233,16.2810157,50.3,55
30720,21.28650985375652,16.0538004,50.3,55
30780,20.300102297370415,16.0538004,50.3,55
30840,19.1864163466119,16.0538004,50.3,55
30900,18.072730395853387,16.0538004,50.3,55
30960,17.054503240874187,16.0538004,50.3,55
31020,16.099915283081167,16.1375022,50.3,55
31080,15.177146923881269,16.1375022,50.3,55
31140,14.286198163274456,16.1375022,50.3,55
31200,13.490708198446944,16.1375022,50.3,55
31260,12.758857430805637,17.1401293,50.3,55
31320,11.995187064571233,17.1401293,50.3,55
31380,11.295155895523024,17.1401293,50.2,55
31440,10.658763923661018,17.1401293,50.2,55
31500,10.086011148985218,17.1401293,50.2,55
31560,9.481438775716311,17.1338307,50.2,55
31620,8.9086860010405,17.1338307,50.2,55
31680,8.463211620737098,17.1338307,50.2,55
31740,7.985917641840601,17.1338307,50.1,55
31800,7.540443261537188,17.1338307,50.1,55
31860,7.0313296840475825,16.8125463,50.1,55
31920,6.649494500930386,16.8125463,50.1,55
31980,6.299478916406276,16.8125463,50.0,55
32040,5.949463331882177,16.8125463,50.0,55
32100,5.535808550171872,16.8125463,50.0,55
32160,5.249432162833967,17.131819,49.9,55
32220,4.994875374089169,17.131819,49.9,55
32280,4.867596979716771,17.131819,49.9,55
32340,4.517581395192661,17.131819,49.9,55
32400,4.867596979716771,17.131819,49.8,55
32460,5.631267345951175,17.5981852,49.8,55
32520,6.522216106557988,17.5981852,49.8,55
32580,7.731360853095792,17.5981852,49.7,55
32640,9.322340782750803,17.5981852,49.7,55
32700,11.263336296929927,17.6420258,49.7,55
32760,13.554347395633147,17.6420258,49.7,55
32820,16.386291670419073,17.6420258,49.7,55
32880,18.931859557867103,17.6420258,49.7,55
32940,21.509247043908218,17.6420258,49.7,55
33000,23.450242558087343,16.5158103,49.7,55
33060,24.85030489618376,16.5158103,49.7,55
33120,26.282186832873265,16.5158103,49.8,55
33180,27.650429572376577,16.5158103,49.8,55
33240,28.92321351610059,16.5158103,49.8,55
33300,30.16417786123151,16.1572953,49.9,55
33360,31.277863811990024,16.1572953,49.9,55
33420,32.42336936134163,16.1572953,49.9,55
33480,32.55064775571404,16.1572953,50.0,55
33540,32.55064775571404,16.1572953,50.0,55
33600,32.55064775571404,16.7186619,50.1,55
33660,32.48700855852782,16.7186619,50.1,55
33720,31.69151859370032,16.7186619,50.1,55
33780,30.673291438721108,16.7186619,50.2,55
33840,28.573197931576487,16.7186619,50.2,55
33900,26.409465227245676,15.8168736,50.2,55
33960,23.83207774120455,15.8168736,50.2,55
34020,21.572886241094423,15.8168736,50.3,55
34080,20.45920029033591,15.8168736,50.3,55
34140,19.4091535367636,14.7743127,50.3,55
34200,18.327287184598195,14.7743127,50.3,55
34260,17.309060029618983,14.7743127,50.3,55
34320,16.259013276046673,14.7743127,50.3,55
34380,15.399884114032968,14.7743127,50.3,55
34440,14.57257455061236,14.6626081,50.3,55
34500,13.745264987191753,14.6626081,50.3,55
34560,12.949775022364241,14.6626081,50.3,55
34620,12.217924254722934,14.6626081,50.3,55
34680,11.549712684267831,14.6626081,50.3,55
34740,10.913320712405827,15.4036427,50.3,55
34800,10.308748339136919,15.4036427,50.3,55
34860,9.735995564461108,15.4036427,50.2,55
34920,9.163242789785308,15.4036427,50.2,55
34980,8.6859488108888,15.4036427,50.2,55
35040,8.145015634806096,16.3835674,50.2,55
35100,7.731360853095792,16.3835674,50.2,55
35160,7.317706071385488,16.3835674,50.1,55
35220,6.872231691082087,16.3835674,50.1,55
35280,6.4903965079648795,16.3835674,50.1,55
35340,6.108561324847683,15.2647496,50.1,55
35400,5.790365338916681,15.2647496,50.1,55
35460,5.440349754392571,15.2647496,50.0,55
35520,5.122153768461568,15.2647496,50.0,55
35580,4.803957782530565,13.9620744,50.0,55
35640,4.581220592378865,13.9620744,50.0,55
35700,4.326663803634068,13.9620744,49.9,55
35760,4.103926613482356,13.9620744,49.9,55
35820,4.072107014889259,13.9620744,49.9,55
35880,4.613040190971962,15.0669903,49.9,55
35940,5.026694972682266,15.0669903,49.8,55
36000,5.567628148764969,15.0669903,49.8,55
36060,6.585855303744181,15.0669903,49.8,55
36120,7.985917641840601,15.0669903,49.8,55
36180,9.481438775716311,16.1619922,49.8,55
36240,11.040599106778226,16.1619922,49.7,55
36300,13.07705341673664,16.1619922,49.7,55
36360,15.527162508405368,16.1619922,49.7,55
36420,17.627256015549985,16.1619922,49.7,55
36480,19.854627917067003,15.9690256,49.7,55
36540,22.241097811549526,15.9690256,49.8,55
36600,24.182093325728648,15.9690256,49.8,55
36660,25.55033606523196,15.9690256,49.8,55
36720,26.854939607549078,15.9690256,49.8,55
36780,28.159543149866195,14.6450966,49.9,55
36840,29.46414669218329,14.6450966,49.9,55
36900,30.641471840128,14.6450966,49.9,55
36960,31.723338192293426,14.6450966,50.0,55
37020,32.58246735430712,13.9080002,50.0,55
37080,32.55064775571404,13.9080002,50.1,55
37140,32.51882815712093,13.9080002,50.1,55
37200,31.946075382445116,13.9080002,50.2,55
37260,30.355095452790117,13.9080002,50.2,55
37320,28.636837128762682,14.5489559,50.2,55
37380,26.02763004412847,14.5489559,50.3,55
37440,23.291144565121847,14.5489559,50.3,55
37500,20.904674670639324,14.5489559,50.3,55
37560,19.822808318473907,14.5489559,50.3,55
37620,18.868220360680898,13.6864875,50.3,55
37680,17.81817360710859,13.6864875,50.3,55
37740,16.76812685353628,13.6864875,50.4,55
37800,15.813538895743273,13.6864875,50.4,55
37860,14.858950937950265,13.6864875,50.4,55
37920,14.031641374529658,13.0868047,50.4,55
37980,13.236151409702146,13.0868047,50.4,55
38040,12.472481043467742,13.0868047,50.4,55
38100,11.740630275826437,13.0868047,50.4,55
38160,11.040599106778226,13.0868047,50.4,55
38220,10.436026733509319,12.8093342,50.3,55
38280,9.863273958833519,12.8093342,50.3,55
38340,9.25870158556461,12.8093342,50.3,55
38400,8.6859488108888,12.8093342,50.3,55
38460,8.208654831992302,12.6297854,50.3,55
38520,7.763180451688889,12.6297854,50.3,55
38580,7.2858864727923915,12.6297854,50.3,55
38640,6.8404120924889895,12.6297854,50.3,55
38700,6.458576909371782,12.6297854,50.3,55
38760,6.076741726254575,13.5946618,50.2,55
38820,5.408530155799474,13.5946618,50.2,55
38880,5.153973367054665,13.5946618,50.2,55
38940,4.867596979716771,13.5946618,50.2,55
39000,4.64485978956507,13.5946618,50.2,55
39060,4.29484420504096,14.1911243,50.1,55
39120,4.103926613482356,14.1911243,50.1,55
39180,3.8811894233306554,14.1911243,50.1,55
39240,3.626632634585858,14.1911243,50.1,55
39300,3.467534641620351,14.1911243,50.0,55
39360,3.2447974514686506,13.5650456,50.0,55
39420,3.085699458503155,13.5650456,50.0,55
39480,2.8947818669445513,13.5650456,49.9,55
39540,2.7356838739790446,13.5650456,49.9,55
39600,2.608405479606646,13.5650456,49.9,55
39660,2.8629622683514433,13.1927007,49.9,55
39720,3.4357150430272543,13.1927007,49.8,55
39780,4.167565810668561,13.1927007,49.8,55
39840,5.376710557206376,13.1927007,49.8,55
39900,6.363118113592481,13.4423878,49.8,55
39960,7.795000050281997,13.4423878,49.8,55
40020,9.576897571495612,13.4423878,49.8,55
40080,11.45425388848853,13.4423878,49.8,55
40140,13.236151409702146,13.4423878,49.8,55
40200,15.463523311219163,13.3270876,49.8,55
40260,17.81817360710859,13.3270876,49.8,55
40320,19.950086712846304,13.3270876,49.8,55
40380,21.922901825618524,13.3270876,49.8,55
40440,23.92753653698385,13.3270876,49.8,55
40500,25.295779276487163,12.8986606,49.9,55
40560,26.727661213176667,12.8986606,49.9,55
40620,28.00044515690068,12.8986606,49.9,55
40680,29.20958990343849,12.8986606,50.0,55
40740,30.06871906545221,12.8986606,50.0,55
40800,30.355095452790117,13.12481,50.1,55
40860,29.973260269672906,13.12481,50.1,55
40920,29.527785889369508,13.12481,50.1,55
40980,28.22318234705239,13.12481,50.2,55
41040,26.409465227245676,13.12481,50.2,55
41100,24.468469713066554,12.9644516,50.2,55
41160,22.113819417177126,12.9644516,50.3,55
41220,19.536431931136,12.9644516,50.3,55
41280,18.5182047761568,12.9644516,50.3,55
41340,17.627256015549985,12.2359157,50.3,55
41400,16.64084845916388,12.2359157,50.3,55
41460,15.686260501370864,12.2359157,50.3,55
41520,14.763492142170964,12.2359157,50.3,55
41580,13.936182578750355,12.2359157,50.3,55
41640,13.140692613922845,12.2402356,50.3,55
41700,12.408841846281538,12.2402356,50.3,55
41760,11.676991078640231,12.2402356,50.3,55
41820,11.008779508185128,12.2402356,50.3,55
41880,10.372387536323124,12.2402356,50.3,55
41940,9.83145436024041,11.9819549,50.3,55
42000,9.25870158556461,11.9819549,50.3,55
42060,8.717768409481907,11.9819549,50.3,55
42120,8.208654831992302,11.9819549,50.3,55
42180,7.763180451688889,11.9819549,50.3,55
42240,7.317706071385488,12.0711234,50.3,55
42300,6.904051289675184,12.0711234,50.3,55
42360,6.4903965079648795,12.0711234,50.3,55
42420,6.14038092344078,12.0711234,50.2,55
42480,5.790365338916681,12.0711234,50.2,55
42540,5.408530155799474,12.2750588,50.2,55
42600,5.090334169868472,12.2750588,50.2,55
42660,4.835777381123663,12.2750588,50.2,55
42720,4.581220592378865,12.2750588,50.2,55
42780,4.263024606447862,11.8478548,50.1,55
42840,4.040287416296162,11.8478548,50.1,55
42900,3.8175502261444616,11.8478548,50.1,55
42960,3.626632634585858,11.8478548,50.1,55
43020,3.3720758458410494,11.8478548,50.1,55
43080,3.149338655689349,11.6998997,50.0,55
43140,2.990240662723853,11.6998997,50.0,55
43200,2.8311426697583464,11.6998997,50.0,55
43260,2.6402250781997427,11.6998997,50.0,55
43320,2.481127085234247,11.6998997,49.9,55
43380,2.3856682894549452,11.6309219,49.9,55
43440,2.544766282420441,11.6309219,49.9,55
43500,3.117519057096252,11.6309219,49.9,55
43560,3.2447974514686506,11.6309219,49.9,55
43620,3.7857306275513536,11.6309219,49.8,55
43680,4.899416578309868,11.5984204,49.8,55
43740,5.663086944544271,11.5984204,49.8,55
43800,8.145015634806096,11.5984204,49.8,55
43860,9.640536768681807,11.5984204,49.8,55
43920,11.008779508185128,11.5984204,49.8,55
43980,12.472481043467742,11.6771508,49.8,55
44040,14.12710017030896,11.6771508,49.8,55
44100,15.813538895743273,11.6771508,49.8,55
44160,17.531797219770684,11.6771508,49.8,55
44220,19.3136947409843,11.413089,49.8,55
44280,20.777396276266913,11.413089,49.9,55
44340,22.400195804515032,11.413089,49.9,55
44400,23.545701353866644,11.413089,49.9,55
44460,24.436650114473444,11.413089,50.0,55
44520,25.168500882114753,11.0589607,50.0,55
44580,25.45487726945266,11.0589607,50.0,55
44640,25.359418473673358,11.0589607,50.1,55
44700,25.041222487742367,11.0589607,50.1,55
44760,24.436650114473444,11.0589607,50.1,55
44820,23.322964163714932,11.1426696,50.2,55
44880,21.795623431246124,11.1426696,50.2,55
44940,19.88644751566011,11.1426696,50.2,55
45000,17.59543641695689,11.1426696,50.2,55
45060,16.290832874639772,11.1426696,50.2,55
45120,15.49534290981227,11.2975537,50.2,55
45180,14.668033346391663,11.2975537,50.3,55
45240,13.808904184377946,11.2975537,50.3,55
45300,13.013414219550445,11.2975537,50.3,55
45360,12.345202649095333,11.2975537,50.3,55
45420,11.613351881454026,11.564722,50.3,55
45480,10.976959909592022,11.564722,50.3,55
45540,10.340567937730016,11.564722,50.3,55
45600,9.767815163054216,11.564722,50.3,55
45660,9.226881986971513,11.5874638,50.3,55
45720,8.717768409481907,11.5874638,50.2,55
45780,8.176835233399194,11.5874638,50.2,55
45840,7.731360853095792,11.5874638,50.2,55
45900,7.317706071385488,11.5874638,50.2,55
45960,6.904051289675184,11.2683062,50.2,55
46020,6.522216106557988,11.2683062,50.2,55
46080,6.14038092344078,11.2683062,50.2,55
46140,5.790365338916681,11.2683062,50.2,55
46200,5.472169352985679,11.2683062,50.2,55
46260,5.153973367054665,10.8727691,50.1,55
46320,4.867596979716771,10.8727691,50.1,55
46380,4.581220592378865,10.8727691,50.1,55
46440,4.29484420504096,10.8727691,50.1,55
46500,4.072107014889259,10.8727691,50.1,55
46560,3.8175502261444616,10.622348,50.1,55
46620,3.626632634585858,10.622348,50.0,55
46680,3.4038954444341574,10.622348,50.0,55
46740,3.2129778528755537,10.622348,50.0,55
46800,3.02206026131695,10.622348,50.0,55
46860,2.8629622683514433,10.7176887,50.0,55
46920,2.6720446767928507,10.7176887,50.0,55
46980,2.544766282420441,10.7176887,49.9,55
47040,2.7038642753859476,10.7176887,49.9,55
47100,2.7038642753859476,11.2762551,49.9,55
47160,3.2129778528755537,11.2762551,49.9,55
47220,3.8493698247375585,11.2762551,49.9,55
47280,4.231205007854766,11.2762551,49.8,55
47340,5.344890958613268,11.2762551,49.8,55
47400,6.713133698116581,11.8359576,49.8,55
47460,7.858639247468191,11.8359576,49.8,55
47520,9.513258374309409,11.8359576,49.8,55
47580,10.976959909592022,11.8359576,49.8,55
47640,12.472481043467742,11.8359576,49.8,55
47700,14.12710017030896,11.7593106,49.8,55
47760,16.57720926197768,11.7593106,49.8,55
47820,18.58184397334299,11.7593106,49.8,55
47880,19.981906311439413,11.7593106,49.8,55
47940,21.922901825618524,11.7593106,49.9,55
48000,23.450242558087343,11.7710462,49.9,55
48060,25.20032048070786,11.7710462,49.9,55
48120,26.25036723428016,11.7710462,50.0,55
48180,27.04585719910768,11.7710462,50.0,55
48240,27.74588836815588,11.7710462,50.0,55
48300,28.00044515690068,11.3762746,50.1,55
48360,27.809527565342073,11.3762746,50.1,55
48420,26.56856322021117,11.3762746,50.2,55
48480,25.51851646663885,11.3762746,50.2,55
48540,23.92753653698385,11.0391551,50.2,55
48600,21.89108222702543,11.0391551,50.3,55
48660,18.804581163494692,11.0391551,50.3,55
48720,17.245420832432778,11.0391551,50.3,55
48780,15.686260501370864,11.0391551,50.3,55
48840,14.92259013513646,11.1385055,50.3,55
48900,14.12710017030896,11.1385055,50.3,55
48960,13.299790606888351,11.1385055,50.3,55
49020,12.599759437840142,11.1385055,50.3,55
49080,11.899728268791932,11.1385055,50.3,55
49140,11.23151669833683,11.1320349,50.3,55
49200,10.595124726474825,11.1320349,50.3,55
49260,9.990552353205917,11.1320349,50.3,55
49320,9.449619177123214,11.1320349,50.3,55
49380,8.940505599633608,11.1320349,50.3,55
49440,8.399572423550905,11.1630802,50.3,55
49500,7.954098043247493,11.1630802,50.3,55
49560,7.444984465757887,11.1630802,50.3,55
49620,7.126788479826884,11.1630802,50.3,55
49680,6.681314099523483,11.1630802,50.3,55
49740,6.331298514999384,11.402946,50.3,55
49800,5.949463331882177,11.402946,50.2,55
49860,5.663086944544271,11.402946,50.2,55
49920,5.313071360020172,11.402946,50.2,55
49980,4.994875374089169,11.2991164,50.2,55
50040,4.708498986751264,11.2991164,50.2,55
50100,4.485761796599563,11.2991164,50.2,55
50160,4.199385409261658,11.2991164,50.1,55
50220,3.9766482191099572,11.2991164,50.1,55
50280,3.7539110289582567,11.1460673,50.1,55
50340,3.531173838806556,11.1460673,50.1,55
50400,3.3084366486548555,11.1460673,50.1,55
50460,3.181158254282457,11.1460673,50.1,55
50520,2.990240662723853,11.1460673,50.0,55
50580,2.7993230711652495,11.2666657,50.0,55
50640,2.6402250781997427,11.2666657,50.0,55
50700,2.481127085234247,11.2666657,50.0,55
50760,2.3538486908618483,11.2666657,50.0,55
50820,2.2902094936756434,11.2666657,49.9,55
50880,2.3220290922687403,11.4402381,49.9,55
50940,2.2902094936756434,11.4402381,49.9,55
51000,2.8947818669445513,11.4402381,49.9,55
51060,3.3720758458410494,11.4402381,49.8,55
51120,4.008467817703054,11.4402381,49.8,55
51180,5.122153768461568,11.430663,49.8,55
51240,6.426757310778686,11.430663,49.8,55
51300,7.699541254502695,11.430663,49.8,55
51360,9.226881986971513,11.430663,49.8,55
51420,10.945140310998925,11.4406865,49.8,55
51480,13.045233818143542,11.4406865,49.8,55
51540,14.92259013513646,11.4406865,49.8,55
51600,16.86358564931558,11.4406865,49.8,55
51660,18.900039959273997,11.4406865,49.8,55
51720,20.522839487522116,11.261325,49.8,55
51780,22.272917410142632,11.261325,49.9,55
51840,23.83207774120455,11.261325,49.9,55
51900,25.613975262418155,11.261325,49.9,55
51960,26.664022015990476,11.261325,50.0,55
52020,27.459511980817975,11.4471425,50.0,55
52080,27.714068769562772,11.4471425,50.1,55
52140,27.459511980817975,11.4471425,50.1,55
52200,27.077676797700768,11.4471425,50.1,55
52260,26.282186832873265,11.4471425,50.2,55
52320,24.786665698997545,11.6993222,50.2,55
52380,22.591113396073624,11.6993222,50.2,55
52440,20.172823902998015,11.6993222,50.3,55
52500,17.722714811329286,11.6993222,50.3,55
52560,16.89540524790868,11.6993222,50.3,55
52620,16.195374078860468,11.7772867,50.3,55
52680,15.208966522474366,11.7772867,50.3,55
52740,14.254378564681359,11.7772867,50.3,55
52800,13.490708198446944,11.7772867,50.3,55
52860,12.758857430805637,11.782155,50.3,55
52920,11.963367465978136,11.782155,50.3,55
52980,11.23151669833683,11.782155,50.3,55
53040,10.626944325067921,11.782155,50.3,55
53100,10.022371951799014,11.782155,50.3,55
53160,9.449619177123214,11.513712,50.3,55
53220,8.9086860010405,11.513712,50.3,55
53280,8.367752824957797,11.513712,50.3,55
53340,7.9222784446543955,11.513712,50.3,55
53400,7.444984465757887,11.513712,50.3,55
53460,6.999510085454485,11.6163338,50.3,55
53520,6.585855303744181,11.6163338,50.2,55
53580,6.204020120626986,11.6163338,50.2,55
53640,5.503988951578775,11.6163338,50.2,55
53700,5.281251761427075,11.6163338,50.2,55
53760,4.9312361769029645,11.8259206,50.2,55
53820,4.676679388158167,11.8259206,50.2,55
53880,4.422122599413358,11.8259206,50.1,55
53940,4.167565810668561,11.8259206,50.1,55
54000,3.9448286205168603,11.8259206,50.1,55
54060,3.7539110289582567,11.6295876,50.1,55
54120,3.499354240213459,11.6295876,50.1,55
54180,3.3084366486548555,11.6295876,50.0,55
54240,3.117519057096252,11.6295876,50.0,55
54300,2.990240662723853,11.7253632,50.0,55
54360,2.7993230711652495,11.7253632,50.0,55
54420,2.608405479606646,11.7253632,50.0,55
54480,2.481127085234247,11.7253632,49.9,55
54540,2.481127085234247,11.7253632,49.9,55
54600,2.7993230711652495,11.7431233,49.9,55
54660,2.926601465537648,11.7431233,49.9,55
54720,3.4038954444341574,11.7431233,49.9,55
54780,4.3903030008202615,11.7431233,49.8,55
54840,5.503988951578775,11.7431233,49.8,55
54900,6.585855303744181,11.8944089,49.8,55
54960,8.017737240433698,11.8944089,49.8,55
55020,9.481438775716311,11.8944089,49.8,55
55080,10.976959909592022,11.8944089,49.8,55
55140,12.917955423771144,11.8944089,49.8,55
55200,14.92259013513646,12.080291,49.8,55
55260,16.831766050722475,12.080291,49.8,55
55320,18.6136635719361,12.080291,49.8,55
55380,20.33192189596351,12.080291,49.8,55
55440,21.98654102280473,12.080291,49.9,55
55500,23.545701353866644,12.6047028,49.9,55
55560,25.136681283521668,12.6047028,49.9,55
55620,26.123088839907773,12.6047028,50.0,55
55680,26.854939607549078,12.6047028,50.0,55
55740,27.26859438925937,13.0131603,50.0,55
55800,27.459511980817975,13.0131603,50.1,55
55860,27.30041398785248,13.0131603,50.1,55
55920,26.79130041036286,13.0131603,50.1,55
55980,25.709434058197456,13.0131603,50.2,55
56040,24.182093325728648,12.4682277,50.2,55
56100,21.795623431246124,12.4682277,50.2,55
56160,19.3136947409843,12.4682277,50.2,55
56220,17.659075614143084,12.4682277,50.2,55
56280,16.86358564931558,12.4682277,50.3,55
56340,15.908997691522575,12.4979947,50.3,55
56400,14.986229332322665,12.4979947,50.3,55
56460,14.12710017030896,12.4979947,50.3,55
56520,13.363429804074546,12.4979947,50.3,55
56580,12.567939839247044,12.4979947,50.3,55
56640,11.836089071605738,12.7433897,50.3,55
56700,11.199697099743721,12.7433897,50.3,55
56760,10.563305127881717,12.7433897,50.3,55
56820,9.926913156019712,12.7433897,50.3,55
56880,9.385979979937009,12.7433897,50.3,55
56940,8.845046803854306,12.5109342,50.2,55
57000,8.3359332263647,12.5109342,50.2,55
57060,7.858639247468191,12.5109342,50.2,55
57120,7.3813452685716925,12.5109342,50.2,55
57180,6.967690486861389,12.278746,50.2,55
57240,6.617674902337278,12.278746,50.2,55
57300,6.172200522033878,12.278746,50.2,55
57360,5.822184937509778,12.278746,50.2,55
57420,5.503988951578775,12.278746,50.1,55
57480,5.185792965647773,12.2555549,50.1,55
57540,4.867596979716771,12.2555549,50.1,55
57600,4.581220592378865,12.2555549,50.1,55
57660,4.326663803634068,12.2555549,50.1,55
57720,4.103926613482356,12.2555549,50.0,55
57780,3.8493698247375585,11.9536222,50.0,55
57840,3.626632634585858,11.9536222,50.0,55
57900,3.4038954444341574,11.9536222,50.0,55
57960,3.2447974514686506,11.9536222,50.0,55
58020,3.053879859910047,11.9536222,49.9,55
58080,2.8629622683514433,12.1853159,49.9,55
58140,2.7038642753859476,12.1853159,49.9,55
58200,3.2129778528755537,12.1853159,49.9,55
58260,4.008467817703054,12.1853159,49.8,55
58320,4.326663803634068,12.1853159,49.8,55
58380,6.14038092344078,12.5289597,49.8,55
58440,7.476804064350995,12.5289597,49.8,55
58500,8.9086860010405,12.5289597,49.8,55
58560,10.372387536323124,12.5289597,49.8,55
58620,11.772449874419532,12.8991419,49.8,55
58680,13.936182578750355,12.8991419,49.8,55
58740,15.84535849433637,12.8991419,49.8,55
58800,17.81817360710859,12.8991419,49.8,55
58860,19.3136947409843,12.8991419,49.8,55
58920,21.15923145938412,13.2548247,49.8,55
58980,23.132046572156327,13.2548247,49.9,55
59040,24.786665698997545,13.2548247,49.9,55
59100,25.90035164975606,13.2548247,49.9,55
59160,26.854939607549078,13.2548247,50.0,55
59220,27.682249170969687,13.0480204,50.0,55
59280,28.064084354086894,13.0480204,50.0,55
59340,28.09590395267998,13.0480204,50.1,55
59400,27.87316676252829,13.0480204,50.1,55
59460,27.332233586445586,13.0480204,50.1,55
59520,25.836712452569866,12.7827043,50.2,55
59580,23.92753653698385,12.7827043,50.2,55
59640,21.85926262843233,12.7827043,50.2,55
59700,19.4091535367636,12.7827043,50.2,55
59760,17.91363240288789,12.7827043,50.2,55
59820,17.086322839467282,12.9886571,50.3,55
59880,16.195374078860468,12.9886571,50.3,55
59940,15.240786121067462,12.9886571,50.3,55
60000,14.318017761867551,12.9886571,50.3,55
60060,13.554347395633147,13.2604638,50.3,55
60120,12.790677029398745,13.2604638,50.3,55
60180,12.122465458943632,13.2604638,50.3,55
60240,11.390614691302325,13.2604638,50.3,55
60300,10.754222719440321,13.2604638,50.3,55
60360,10.149650346171413,13.4268656,50.3,55
60420,9.60871717008871,13.4268656,50.2,55
60480,9.03596439541291,13.4268656,50.2,55
60540,8.526850817923304,13.4268656,50.2,55
60600,8.049556839026796,13.4268656,50.2,55
60660,7.635902057316491,13.8688365,50.2,55
60720,7.158608078419992,13.8688365,50.2,55
60780,6.744953296709689,13.8688365,50.2,55
60840,6.363118113592481,13.8688365,50.1,55
60900,5.981282930475274,13.8688365,50.1,55
60960,5.694906543137379,13.6505638,50.1,55
61020,5.313071360020172,13.6505638,50.1,55
61080,5.058514571275374,13.6505638,50.1,55
61140,4.740318585344361,13.6505638,50.0,55
61200,4.485761796599563,13.6505638,50.0,55
61260,4.231205007854766,14.272972,50.0,55
61320,3.9766482191099572,14.272972,50.0,55
61380,3.7220914303651598,14.272972,49.9,55
61440,3.499354240213459,14.272972,49.9,55
61500,3.467534641620351,14.441021,49.9,55
61560,4.008467817703054,14.441021,49.9,55
61620,4.549400993785769,14.441021,49.8,55
61680,4.835777381123663,14.441021,49.8,55
61740,5.854004536102875,14.441021,49.8,55
61800,7.349525669978596,13.5406179,49.8,55
61860,8.845046803854306,13.5406179,49.8,55
61920,10.213289543357618,13.5406179,49.8,55
61980,12.249743853316042,13.5406179,49.8,55
62040,14.190739367495153,13.5406179,49.8,55
62100,16.609028860570774,13.3445494,49.8,55
62160,19.059137952239503,13.3445494,49.8,55
62220,21.38196864953582,13.3445494,49.8,55
62280,23.163866170749436,13.3445494,49.8,55
62340,24.913944093369956,13.3445494,49.9,55
62400,26.37764562865257,14.0160649,49.9,55
62460,27.74588836815588,14.0160649,49.9,55
62520,29.01867231187989,14.0160649,50.0,55
62580,30.227817058417706,14.0160649,50.0,55
62640,31.246044213396917,14.0160649,50.0,55
62700,31.277863811990024,14.9311,50.1,55
62760,31.08694622043142,14.9311,50.1,55
62820,30.705111037314214,14.9311,50.2,55
62880,29.177770304845385,14.9311,50.2,55
62940,27.650429572376577,15.6505883,50.2,55
63000,25.709434058197456,15.6505883,50.2,55
63060,20.491019888929017,15.6505883,50.3,55
63120,19.66371032550841,15.6505883,50.3,55
63180,18.6136635719361,15.6505883,50.3,55
63240,17.56361681836378,15.5971581,50.3,55
63300,16.609028860570774,15.5971581,50.3,55
63360,15.718080099963972,15.5971581,50.3,55
63420,14.795311740764062,15.5971581,50.3,55
63480,13.968002177343452,15.5971581,50.3,55
63540,13.236151409702146,16.2090287,50.3,55
63600,12.504300642060839,16.2090287,50.3,55
63660,11.772449874419532,16.2090287,50.2,55
63720,11.104238303964431,16.2090287,50.2,55
63780,10.499665930695523,16.2090287,50.2,55
63840,9.926913156019712,17.2706335,50.2,55
63900,9.322340782750803,17.2706335,50.2,55
63960,8.845046803854306,17.2706335,50.2,55
64020,8.3359332263647,17.2706335,50.1,55
64080,7.890458846061299,17.2706335,50.1,55
64140,7.444984465757887,19.1589002,50.1,55
64200,6.999510085454485,19.1589002,50.1,55
64260,6.617674902337278,19.1589002,50.0,55
64320,6.299478916406276,19.1589002,50.0,55
64380,5.885824134695971,19.8925164,50.0,55
64440,5.567628148764969,19.8925164,49.9,55
64500,5.472169352985679,19.8925164,49.9,55
64560,5.567628148764969,19.8925164,49.9,55
64620,6.14038092344078,19.8925164,49.8,55
64680,6.8085924938958815,19.0418291,49.8,55
64740,8.208654831992302,19.0418291,49.8,55
64800,9.926913156019712,19.0418291,49.7,55
64860,11.645171480047134,19.0418291,49.7,55
64920,13.458888599853847,19.0418291,49.7,55
64980,15.972636888708768,18.7442756,49.7,55
65040,18.6136635719361,18.7442756,49.7,55
65100,21.222870656570326,18.7442756,49.7,55
65160,23.291144565121847,18.7442756,49.7,55
65220,24.62756770603205,18.7442756,49.7,55
65280,26.02763004412847,18.7819998,49.8,55
65340,27.42769238222489,18.7819998,49.8,55
65400,28.732295924541983,18.7819998,49.8,55
65460,29.877801473893605,18.7819998,49.8,55
65520,31.055126621838312,18.7819998,49.9,55
65580,32.16881257259683,19.1660375,49.9,55
65640,32.55064775571404,19.1660375,49.9,55
65700,32.51882815712093,19.1660375,50.0,55
65760,32.55064775571404,19.1660375,50.0,55
65820,32.51882815712093,19.4266846,50.0,55
65880,32.51882815712093,19.4266846,50.0,55
65940,32.39154976274852,19.4266846,50.1,55
66000,31.69151859370032,19.4266846,50.1,55
66060,30.7369306359073,19.4266846,50.1,55
66120,29.336868297810902,17.2667559,50.2,55
66180,27.42769238222489,17.2667559,50.2,55
66240,25.20032048070786,17.2667559,50.2,55
66300,22.591113396073624,17.2667559,50.2,55
66360,20.491019888929017,17.2667559,50.2,55
66420,19.504612332542905,17.7338952,50.2,55
66480,18.58184397334299,17.7338952,50.2,55
66540,17.436338423991383,17.7338952,50.2,55
66600,16.386291670419073,17.7338952,50.2,55
66660,15.49534290981227,17.7338952,50.2,55
66720,14.636213747798553,19.5968549,50.2,55
66780,13.745264987191753,19.5968549,50.2,55
66840,12.917955423771144,19.5968549,50.2,55
66900,12.186104656129837,19.5968549,50.2,55
66960,11.549712684267831,19.5968549,50.1,55
67020,10.88150111381272,18.9274362,50.1,55
67080,10.18146994476452,18.9274362,50.1,55
67140,9.60871717008871,18.9274362,50.1,55
67200,9.067783994006007,18.9274362,50.1,55
67260,8.558670416516401,19.5439502,50.0,55
67320,8.017737240433698,19.5439502,50.0,55
67380,7.572262860130296,19.5439502,50.0,55
67440,7.158608078419992,19.5439502,49.9,55
67500,6.776772895302785,19.5439502,49.9,55
67560,6.363118113592481,19.7783399,49.9,55
67620,7.158608078419992,19.7783399,49.9,55
67680,7.858639247468191,19.7783399,49.8,55
67740,8.81322720526121,19.7783399,49.8,55
67800,10.213289543357618,19.7783399,49.8,55
67860,11.326975494116132,20.3714066,49.7,55
67920,13.140692613922845,20.3714066,49.7,55
67980,15.177146923881269,20.3714066,49.7,55
68040,17.213601233839682,20.3714066,49.7,55
68100,19.918267114253208,20.3714066,49.7,55
68160,22.463835001701238,22.1715311,49.7,55
68220,24.182093325728648,22.1715311,49.7,55
68280,25.51851646663885,22.1715311,49.7,55
68340,26.854939607549078,22.1715311,49.7,55
68400,28.09590395267998,22.1715311,49.7,55
68460,29.400507494997097,21.2703969,49.8,55
68520,30.577832642941804,21.2703969,49.8,55
68580,31.627879396514125,21.2703969,49.8,55
68640,32.55064775571404,21.2703969,49.8,55
68700,32.55064775571404,20.2400204,49.9,55
68760,32.51882815712093,20.2400204,49.9,55
68820,32.51882815712093,20.2400204,49.9,55
68880,32.51882815712093,20.2400204,50.0,55
68940,32.51882815712093,20.2400204,50.0,55
69000,32.58246735430712,20.1586112,50.0,55
69060,32.55064775571404,20.1586112,50.1,55
69120,32.39154976274852,20.1586112,50.1,55
69180,31.755157790886514,20.1586112,50.1,55
69240,30.609652241534913,20.1586112,50.1,55
69300,29.01867231187989,20.2346961,50.2,55
69360,27.014037600514573,20.2346961,50.2,55
69420,25.07304208633545,20.2346961,50.2,55
69480,22.813850586225335,20.2346961,50.2,55
69540,20.713757079080718,20.2346961,50.2,55
69600,19.66371032550841,20.6073272,50.2,55
69660,18.645483170529197,20.6073272,50.2,55
69720,17.59543641695689,20.6073272,50.2,55
69780,16.54538966338458,20.6073272,50.2,55
69840,15.654440902777766,20.6073272,50.2,55
69900,14.763492142170964,21.7293089,50.1,55
69960,13.904362980157249,21.7293089,50.1,55
70020,13.140692613922845,21.7293089,50.1,55
70080,12.37702224768844,21.7293089,50.1,55
70140,11.645171480047134,21.3210315,50.1,55
70200,11.008779508185128,21.3210315,50.0,55
70260,10.404207134916222,21.3210315,50.0,55
70320,9.799634761647313,21.3210315,50.0,55
70380,9.226881986971513,21.3210315,49.9,55
70440,8.717768409481907,20.9050579,49.9,55
70500,8.240474430585397,20.9050579,49.9,55
70560,8.081376437619902,20.9050579,49.9,55
70620,8.208654831992302,20.9050579,49.8,55
70680,8.7814076066681,20.9050579,49.8,55
70740,9.545077972902515,21.0915484,49.8,55
70800,10.722403120847224,21.0915484,49.7,55
70860,12.058826261757439,21.0915484,49.7,55
70920,13.904362980157249,21.0915484,49.7,55
70980,16.163554480267372,21.0915484,49.7,55
71040,18.7409419663085,22.158941,49.7,55
71100,21.03195306501172,22.158941,49.7,55
71160,24.086634529949347,22.158941,49.7,55
71220,25.51851646663885,22.158941,49.7,55
71280,26.60038281880428,22.158941,49.7,55
71340,27.936805959714484,23.6602811,49.7,55
71400,29.305048699217796,23.6602811,49.7,55
71460,30.546013044348697,23.6602811,49.7,55
71520,31.627879396514125,23.6602811,49.8,55
71580,32.51882815712093,23.8931757,49.8,55
71640,32.51882815712093,23.8931757,49.8,55
71700,32.51882815712093,23.8931757,49.8,55
71760,32.51882815712093,23.8931757,49.8,55
71820,32.51882815712093,23.8931757,49.9,55
71880,32.51882815712093,22.4521598,49.9,55
71940,32.51882815712093,22.4521598,49.9,55
72000,32.55064775571404,22.4521598,49.9,55
72060,32.51882815712093,22.4521598,50.0,55
72120,32.51882815712093,22.4521598,50.0,55
72180,32.51882815712093,20.1352647,50.0,55
72240,32.55064775571404,20.1352647,50.1,55
72300,32.26427136837613,20.1352647,50.1,55
72360,31.436961804955523,20.1352647,50.1,55
72420,30.259636657010812,20.1352647,50.1,55
72480,28.605017530169597,20.6771874,50.2,55
72540,26.60038281880428,20.6771874,50.2,55
72600,24.659387304625156,20.6771874,50.2,55
72660,22.20927821295643,20.6771874,50.2,55
72720,20.618298283301417,20.6771874,50.2,55
72780,19.66371032550841,20.9521092,50.2,55
72840,18.48638517756369,20.9521092,50.2,55
72900,17.436338423991383,20.9521092,50.2,55
72960,16.513570064791473,20.9521092,50.2,55
73020,15.622621304184669,20.7580465,50.1,55
73080,14.668033346391663,20.7580465,50.1,55
73140,13.872543381564151,20.7580465,50.1,55
73200,13.108873015329747,20.7580465,50.1,55
73260,12.408841846281538,20.7580465,50.1,55
73320,11.676991078640231,21.6024225,50.0,55
73380,11.008779508185128,21.6024225,50.0,55
73440,10.404207134916222,21.6024225,50.0,55
73500,9.863273958833519,21.6024225,50.0,55
73560,9.25870158556461,21.6024225,49.9,55
73620,8.717768409481907,20.1733932,49.9,55
73680,8.749588008075005,20.1733932,49.9,55
73740,9.03596439541291,20.1733932,49.8,55
73800,9.481438775716311,20.1733932,49.8,55
73860,10.340567937730016,20.1733932,49.8,55
73920,11.167877501150624,20.1384313,49.8,55
73980,12.249743853316042,20.1384313,49.8,55
74040,13.840723782971054,20.1384313,49.7,55
74100,15.813538895743273,20.1384313,49.7,55
74160,17.81817360710859,20.1384313,49.7,55
74220,19.727349522694603,22.0127632,49.7,55
74280,22.17745861436333,22.0127632,49.7,55
74340,24.913944093369956,22.0127632,49.7,55
74400,26.154908438500858,22.0127632,49.7,55
74460,27.332233586445586,21.1596288,49.8,55
74520,28.700476325948898,21.1596288,49.8,55
74580,29.9414406710798,21.1596288,49.8,55
74640,31.08694622043142,21.1596288,49.8,55
74700,32.13699297400372,21.1596288,49.8,55
74760,32.51882815712093,20.7288166,49.9,55
74820,32.51882815712093,20.7288166,49.9,55
74880,32.58246735430712,20.7288166,49.9,55
74940,32.55064775571404,20.7288166,50.0,55
75000,32.51882815712093,20.7288166,50.0,55
75060,32.51882815712093,21.2847702,50.0,55
75120,32.51882815712093,21.2847702,50.0,55
75180,32.39154976274852,21.2847702,50.1,55
75240,31.946075382445116,21.2847702,50.1,55
75300,30.8323894316866,21.2847702,50.1,55
75360,29.591425086555702,21.1278761,50.1,55
75420,28.414099938610992,21.1278761,50.2,55
75480,26.47310442443187,21.1278761,50.2,55
75540,24.05481493135624,21.1278761,50.2,55
75600,21.922901825618524,21.1278761,50.2,55
75660,20.10918470581181,20.2967851,50.2,55
75720,18.963679156460202,20.2967851,50.2,55
75780,18.009091198667193,20.2967851,50.2,55
75840,16.99086404368798,20.2967851,50.2,55
75900,16.004456487301876,20.3568968,50.2,55
75960,15.049868529508858,20.3568968,50.1,55
76020,14.158919768902056,20.3568968,50.1,55
76080,13.363429804074546,20.3568968,50.1,55
76140,12.599759437840142,20.3568968,50.1,55
76200,11.867908670198835,20.3597684,50.1,55
76260,11.167877501150624,20.3597684,50.0,55
76320,10.53148552928862,20.3597684,50.0,55
76380,9.95873275461282,20.3597684,50.0,55
76440,9.354160381343913,20.3597684,50.0,55
76500,8.272294029178495,19.3619695,49.9,55
76560,8.272294029178495,19.3619695,49.9,55
76620,8.495031219330206,19.3619695,49.9,55
76680,8.208654831992302,19.3619695,49.9,55
76740,8.526850817923304,19.3619695,49.8,55
76800,9.322340782750803,19.251405,49.8,55
76860,10.372387536323124,19.251405,49.8,55
76920,11.645171480047134,19.251405,49.8,55
76980,13.267971008295243,19.251405,49.8,55
77040,14.795311740764062,19.251405,49.7,55
77100,16.831766050722475,19.8947585,49.7,55
77160,18.963679156460202,19.8947585,49.7,55
77220,20.968313867825515,19.8947585,49.7,55
77280,23.132046572156327,19.8947585,49.7,55
77340,25.168500882114753,20.1198302,49.8,55
77400,26.56856322021117,20.1198302,49.8,55
77460,27.777707966748988,20.1198302,49.8,55
77520,29.050491910473,20.1198302,49.8,55
77580,30.227817058417706,20.1198302,49.8,55
77640,31.373322607769303,19.8665567,49.9,55
77700,32.39154976274852,19.8665567,49.9,55
77760,32.51882815712093,19.8665567,49.9,55
77820,32.51882815712093,19.8665567,50.0,55
77880,32.58246735430712,19.8665567,50.0,55
77940,32.55064775571404,19.6809373,50.0,55
78000,32.51882815712093,19.6809373,50.1,55
78060,32.51882815712093,19.6809373,50.1,55
78120,31.755157790886514,19.6809373,50.1,55
78180,30.609652241534913,19.6809373,50.1,55
78240,29.11413110765919,20.3142474,50.2,55
78300,27.26859438925937,20.3142474,50.2,55
78360,24.882124494776846,20.3142474,50.2,55
78420,22.463835001701238,20.3142474,50.2,55
78480,20.650117881894513,20.3142474,50.2,55
78540,19.6318907269153,20.1112406,50.2,55
78600,18.58184397334299,20.1112406,50.2,55
78660,17.531797219770684,20.1112406,50.2,55
78720,16.54538966338458,20.1112406,50.2,55
78780,15.527162508405368,19.5623763,50.2,55
78840,14.668033346391663,19.5623763,50.2,55
78900,13.840723782971054,19.5623763,50.1,55
78960,13.07705341673664,19.5623763,50.1,55
79020,12.28156345190914,19.5623763,50.1,55
79080,11.613351881454026,20.5753765,50.1,55
79140,10.945140310998925,20.5753765,50.1,55
79200,10.340567937730016,20.5753765,50.0,55
79260,9.70417596586801,20.5753765,50.0,55
79320,9.163242789785308,20.5753765,50.0,55
79380,8.654129212295702,20.882822,50.0,55
79440,8.176835233399194,20.882822,49.9,55
79500,7.699541254502695,20.882822,49.9,55
79560,7.317706071385488,20.882822,49.9,55
79620,7.572262860130296,20.882822,49.8,55
79680,8.145015634806096,19.0894664,49.8,55
79740,8.81322720526121,19.0894664,49.8,55
79800,9.95873275461282,19.0894664,49.7,55
79860,11.422434289895433,19.0894664,49.7,55
79920,13.267971008295243,19.0894664,49.7,55
79980,15.368064515439862,18.1640065,49.7,55
80040,17.309060029618983,18.1640065,49.7,55
80100,20.10918470581181,18.1640065,49.7,55
80160,22.654752593259843,18.1640065,49.7,55
80220,24.75484610040446,19.1169365,49.7,55
80280,26.123088839907773,19.1169365,49.8,55
80340,27.39587278363178,19.1169365,49.8,55
80400,28.66865672735579,19.1169365,49.8,55
80460,29.877801473893605,19.1169365,49.8,55
80520,31.150585417617616,19.5645786,49.9,55
80580,32.26427136837613,19.5645786,49.9,55
80640,32.51882815712093,19.5645786,49.9,55
80700,32.55064775571404,19.5645786,49.9,55
80760,32.51882815712093,19.5645786,50.0,55
80820,32.51882815712093,19.7386063,50.0,55
80880,32.55064775571404,19.7386063,50.0,55
80940,32.42336936134163,19.7386063,50.1,55
81000,31.56424019932791,19.7386063,50.1,55
81060,30.355095452790117,19.7386063,50.1,55
81120,28.700476325948898,18.6457691,50.2,55
81180,27.30041398785248,18.6457691,50.2,55
81240,25.136681283521668,18.6457691,50.2,55
81300,22.55929379748054,18.6457691,50.2,55
81360,20.904674670639324,18.6457691,50.2,55
81420,19.759169121287712,17.4848411,50.2,55
81480,18.70912236771539,17.4848411,50.2,55
81540,17.659075614143084,17.4848411,50.2,55
81600,16.704487656350075,17.4848411,50.2,55
81660,15.718080099963972,17.0944964,50.2,55
81720,14.858950937950265,17.0944964,50.2,55
81780,14.031641374529658,17.0944964,50.2,55
81840,13.236151409702146,17.0944964,50.2,55
81900,12.472481043467742,17.0944964,50.2,55
81960,11.772449874419532,17.1266768,50.2,55
82020,11.136057902557528,17.1266768,50.1,55
82080,10.53148552928862,17.1266768,50.1,55
82140,9.895093557426616,17.1266768,50.1,55
82200,9.354160381343913,17.1266768,50.1,55
82260,8.845046803854306,18.2124536,50.1,55
82320,8.3359332263647,18.2124536,50.0,55
82380,7.8268196488750945,18.2124536,50.0,55
82440,7.41316486716479,18.2124536,50.0,55
82500,6.999510085454485,18.2124536,50.0,55
82560,6.617674902337278,18.0525692,49.9,55
82620,6.235839719220082,18.0525692,49.9,55
82680,6.394937712185578,18.0525692,49.9,55
82740,6.8085924938958815,18.0525692,49.9,55
82800,7.444984465757887,18.0525692,49.8,55
82860,8.081376437619902,19.3028121,49.8,55
82920,8.81322720526121,19.3028121,49.8,55
82980,10.149650346171413,19.3028121,49.8,55
83040,11.931547867385028,19.3028121,49.7,55
83100,13.936182578750355,19.7553775,49.7,55
83160,16.036276085894976,19.7553775,49.7,55
83220,18.29546758600509,19.7553775,49.7,55
83280,21.06377266360482,19.7553775,49.7,55
83340,23.73661894542525,19.7553775,49.7,55
83400,25.009402889149257,18.21817,49.7,55
83460,26.25036723428016,18.21817,49.8,55
83520,27.650429572376577,18.21817,49.8,55
83580,29.01867231187989,18.21817,49.8,55
83640,30.16417786123151,18.21817,49.8,55
83700,31.277863811990024,17.3735058,49.9,55
83760,32.39154976274852,17.3735058,49.9,55
83820,32.51882815712093,17.3735058,49.9,55
83880,32.51882815712093,17.3735058,50.0,55
83940,32.51882815712093,17.3735058,50.0,55
84000,32.51882815712093,18.427342,50.1,55
84060,32.51882815712093,18.427342,50.1,55
84120,32.42336936134163,18.427342,50.1,55
84180,31.373322607769303,18.427342,50.2,55
84240,29.9414406710798,18.427342,50.2,55
84300,28.127723551273085,18.486639,50.2,55
84360,25.963990846942274,18.486639,50.2,55
84420,23.35478376230804,18.486639,50.2,55
84480,20.904674670639324,18.486639,50.2,55
84540,19.790988719880808,19.2745191,50.2,55
84600,18.836400762087802,19.2745191,50.2,55
84660,17.81817360710859,19.2745191,50.2,55
84720,16.736307254943185,19.2745191,50.2,55
84780,15.718080099963972,19.2745191,50.2,55
84840,14.827131339357159,19.4038482,50.2,55
84900,13.936182578750355,19.4038482,50.2,55
84960,13.17251221251594,19.4038482,50.2,55
85020,11.676991078640231,19.4038482,50.2,55
85080,11.167877501150624,19.4038482,50.1,55
85140,10.53148552928862,19.0263262,50.1,55
85200,9.990552353205917,19.0263262,50.1,55
85260,9.354160381343913,19.0263262,50.1,55
85320,8.876866402447403,19.0263262,50.1,55
85380,8.367752824957797,19.0263262,50.0,55
85440,7.954098043247493,19.8457628,50.0,55
85500,7.476804064350995,19.8457628,50.0,55
85560,7.0313296840475825,19.8457628,49.9,55
85620,6.649494500930386,19.8457628,49.9,55
85680,6.8404120924889895,19.8457628,49.9,55
85740,7.0631492826406905,17.659274,49.8,55
85800,7.763180451688889,17.659274,49.8,55
85860,8.7814076066681,17.659274,49.8,55
85920,10.117830747578315,17.659274,49.8,55
85980,11.263336296929927,16.5981011,49.8,55
86040,12.822496627991843,16.5981011,49.8,55
86100,14.508935353426155,16.5981011,49.8,55
86160,16.54538966338458,16.5981011,49.8,55
86220,18.804581163494692,16.5981011,49.8,55
86280,20.904674670639324,20.6062508,49.8,55
86340,23.163866170749436,20.6062508,49.8,55
86400,25.009402889149257,20.6062508,49.8,55
0,26.409465227245676,16.5673652,49.8,55
60,27.682249170969687,16.5673652,49.8,55
120,28.92321351610059,16.5673652,49.9,55
180,30.132358262638405,16.5673652,49.9,55
240,31.309683410583112,16.5673652,49.9,55
300,32.35973016415543,16.5673652,50.0,55
360,32.51882815712093,16.5673652,50.0,55
420,32.55064775571404,16.5673652,50.0,55
480,32.51882815712093,16.308551,50.1,55
540,32.23245176978302,16.308551,50.1,55
600,30.95966782605901,16.308551,50.2,55
660,29.62324468514881,16.308551,50.2,55
720,27.87316676252829,16.308551,50.2,55
780,25.709434058197456,17.4394106,50.2,55
840,23.10022697356324,17.4394106,50.3,55
900,20.777396276266913,17.4394106,50.3,55
960,19.759169121287712,17.4394106,50.3,55
1020,18.804581163494692,19.1363052,50.3,55
1080,17.722714811329286,19.1363052,50.3,55
1140,16.67266805775698,19.1363052,50.3,55
1200,15.718080099963972,19.1363052,50.2,55
1260,14.827131339357159,19.1363052,50.2,55
1320,13.99982177593655,18.7597848,50.2,55
1380,13.20433181110905,18.7597848,50.2,55
1440,12.408841846281538,18.7597848,50.2,55
1500,11.708810677233327,18.7597848,50.2,55
1560,11.040599106778226,18.7597848,50.2,55
1620,10.404207134916222,17.7330304,50.1,55
1680,9.799634761647313,17.7330304,50.1,55
1740,9.226881986971513,17.7330304,50.1,55
1800,8.717768409481907,17.7330304,50.1,55
1860,8.304113627771603,17.7330304,50.1,55
1920,7.731360853095792,16.9856068,50.0,55
1980,7.254066874199294,16.9856068,50.0,55
2040,6.872231691082087,16.9856068,50.0,55
2100,6.522216106557988,16.9856068,50.0,55
2160,6.108561324847683,16.9856068,49.9,55
2220,5.758545740323573,16.6888823,49.9,55
2280,5.663086944544271,16.6888823,49.9,55
2340,6.013102529068382,16.6888823,49.9,55
2400,6.4903965079648795,16.6888823,49.8,55
2460,7.3813452685716925,17.3544765,49.8,55
2520,7.954098043247493,17.3544765,49.8,55
2580,9.131423191192212,17.3544765,49.8,55
2640,10.690583522254126,17.3544765,49.7,55
2700,12.663398635026335,17.3544765,49.7,55
2760,16.67266805775698,17.8218263,49.7,55
2820,18.39092638178439,17.8218263,49.7,55
2880,20.554659086115212,17.8218263,49.7,55
2940,22.813850586225335,17.8218263,49.8,55
3000,24.595748107438943,17.8218263,49.8,55
3060,25.995810445535362,18.1274955,49.8,55
3120,27.332233586445586,18.1274955,49.8,55
3180,28.573197931576487,18.1274955,49.8,55
3240,29.750523079521194,18.1274955,49.9,55
3300,30.89602862887282,18.1274955,49.9,55
3360,31.977894981038226,18.2209805,49.9,55
3420,32.55064775571404,18.2209805,50.0,55
3480,32.58246735430712,18.2209805,50.0,55
3540,32.55064775571404,18.2209805,50.0,55
3600,32.51882815712093,18.2209805,50.1,55
3660,32.45518895993473,18.64702,50.1,55
3720,31.65969899510721,18.64702,50.1,55
3780,30.227817058417706,18.64702,50.2,55
3840,28.127723551273085,18.64702,50.2,55
3900,25.963990846942274,18.6778833,50.2,55
3960,23.73661894542525,18.6778833,50.2,55
4020,21.191051057977216,18.6778833,50.2,55
4080,20.204643501591114,18.6778833,50.2,55
4140,19.218235945205,18.6778833,50.2,55
4200,18.104549994446494,18.5444921,50.2,55
4260,17.054503240874187,18.5444921,50.2,55
4320,16.131734881674276,18.5444921,50.2,55
4380,15.177146923881269,18.5444921,50.2,55
4440,14.318017761867551,18.5444921,50.2,55
4500,13.522527797040052,18.1540753,50.2,55
4560,12.790677029398745,18.1540753,50.2,55
4620,12.02700666316433,18.1540753,50.2,55
4680,11.35879509270923,18.1540753,50.1,55
4740,10.722403120847224,18.1540753,50.1,55
4800,10.086011148985218,17.62776,50.1,55
4860,9.513258374309409,17.62776,50.1,55
4920,9.004144796819801,17.62776,50.1,55
4980,8.463211620737098,17.62776,50.0,55
5040,7.985917641840601,17.62776,50.0,55
5100,7.540443261537188,18.326131,50.0,55
5160,7.126788479826884,18.326131,50.0,55
5220,6.713133698116581,18.326131,49.9,55
5280,6.394937712185578,18.326131,49.9,55
5340,6.458576909371782,18.2694705,49.9,55
5400,6.904051289675184,18.2694705,49.9,55
5460,7.41316486716479,18.2694705,49.8,55
5520,8.3359332263647,18.2694705,49.8,55
5580,9.481438775716311,18.2694705,49.8,55
5640,10.467846332102415,17.902114,49.8,55
5700,12.058826261757439,17.902114,49.7,55
5760,14.12710017030896,17.902114,49.7,55
5820,16.354472071825978,17.902114,49.7,55
5880,18.39092638178439,17.902114,49.7,55
5940,20.58647868470831,17.244003,49.7,55
6000,22.90930938200464,17.244003,49.8,55
6060,25.041222487742367,17.244003,49.8,55
6120,26.34582603005946,17.244003,49.8,55
6180,27.650429572376577,17.244003,49.8,55
6240,28.986852713286805,16.6657269,49.9,55
6300,30.16417786123151,16.6657269,49.9,55
6360,31.277863811990024,16.6657269,49.9,55
6420,32.42336936134163,16.6657269,50.0,55
6480,32.51882815712093,16.6657269,50.0,55
6540,32.55064775571404,17.819349,50.0,55
6600,32.51882815712093,17.819349,50.1,55
6660,32.51882815712093,17.819349,50.1,55
6720,32.23245176978302,17.819349,50.1,55
6780,30.546013044348697,19.1239116,50.2,55
6840,28.66865672735579,19.1239116,50.2,55
6900,26.664022015990476,19.1239116,50.2,55
6960,21.25469025516342,19.1239116,50.2,55
7020,20.650117881894513,19.1239116,50.2,55
7080,19.536431931136,19.4737452,50.2,55
7140,18.39092638178439,19.4737452,50.2,55
7200,17.37269922680519,19.4737452,50.2,55
7260,16.44993086760528,19.4737452,50.2,55
7320,15.49534290981227,19.4737452,50.2,55
7380,14.57257455061236,18.6103761,50.2,55
7440,13.808904184377946,18.6103761,50.2,55
7500,13.045233818143542,18.6103761,50.2,55
7560,12.345202649095333,18.6103761,50.1,55
7620,11.613351881454026,18.6103761,50.1,55
7680,10.976959909592022,18.3200866,50.1,55
7740,10.372387536323124,18.3200866,50.1,55
7800,9.799634761647313,18.3200866,50.1,55
7860,9.25870158556461,18.3200866,50.0,55
7920,8.717768409481907,18.3200866,50.0,55
7980,8.240474430585397,18.6669026,50.0,55
8040,7.795000050281997,18.6669026,50.0,55
8100,7.349525669978596,18.6669026,49.9,55
8160,6.967690486861389,18.6669026,49.9,55
8220,7.158608078419992,18.7781972,49.9,55
8280,7.094968881233788,18.7781972,49.9,55
8340,7.158608078419992,18.7781972,49.8,55
8400,7.890458846061299,18.7781972,49.8,55
8460,8.940505599633608,18.7781972,49.8,55
8520,10.086011148985218,18.1294632,49.8,55
8580,11.772449874419532,18.1294632,49.7,55
8640,13.681625790005548,18.1294632,49.7,55
8700,15.686260501370864,18.1294632,49.7,55
8760,17.59543641695689,18.1294632,49.7,55
8820,20.077365107218714,18.3681507,49.7,55
8880,22.972948579190835,18.3681507,49.7,55
8940,24.563928508845855,18.3681507,49.8,55
9000,25.836712452569866,18.3681507,49.8,55
9060,27.236774790666285,18.3681507,49.8,55
9120,28.54137833298338,19.5541061,49.8,55
9180,29.782342678114304,19.5541061,49.8,55
9240,30.89602862887282,19.5541061,49.9,55
9300,32.009714579631336,19.5541061,49.9,55
9360,32.55064775571404,19.5541061,49.9,55
9420,32.51882815712093,19.4851681,50.0,55
9480,32.51882815712093,19.4851681,50.0,55
9540,32.51882815712093,19.4851681,50.0,55
9600,32.55064775571404,19.4851681,50.1,55
9660,32.32791056556232,19.5704582,50.1,55
9720,31.88243618525892,19.5704582,50.1,55
9780,30.86420903027971,19.5704582,50.2,55
9840,29.46414669218329,19.5704582,50.2,55
9900,27.61860997378347,19.5704582,50.2,55
9960,25.486696868045765,20.2541194,50.2,55
10020,22.78203098763223,20.2541194,50.2,55
10080,20.554659086115212,20.2541194,50.2,55
10140,19.600071128322206,20.2541194,50.2,55
10200,18.677302769122296,20.2541194,50.2,55
10260,17.499977621177585,20.5368896,50.2,55
10320,16.481750466198374,20.5368896,50.2,55
10380,15.558982106998464,20.5368896,50.2,55
10440,14.668033346391663,20.5368896,50.2,55
10500,13.808904184377946,20.5368896,50.1,55
10560,12.981594620957349,20.9539653,50.1,55
10620,12.249743853316042,20.9539653,50.1,55
10680,11.581532282860929,20.9539653,50.1,55
10740,10.88150111381272,20.9539653,50.1,55
10800,10.245109141950714,20.9539653,50.0,55
10860,9.672356367274915,20.7811564,50.0,55
10920,9.131423191192212,20.7811564,50.0,55
10980,8.590490015109499,20.7811564,49.9,55
11040,8.049556839026796,20.7811564,49.9,55
11100,7.2858864727923915,19.6248132,49.9,55
11160,7.444984465757887,19.6248132,49.9,55
11220,7.8268196488750945,19.6248132,49.8,55
11280,8.526850817923304,19.6248132,49.8,55
11340,9.576897571495612,19.6248132,49.8,55
11400,10.817861916626526,18.2136619,49.8,55
11460,12.472481043467742,18.2136619,49.7,55
11520,14.445296156239962,18.2136619,49.7,55
11580,16.290832874639772,18.2136619,49.7,55
11640,18.26364798741199,18.2136619,49.7,55
11700,20.36374149455661,16.7741547,49.7,55
11760,22.55929379748054,16.7741547,49.8,55
11820,24.691206903218244,16.7741547,49.8,55
11880,26.059449642721553,16.7741547,49.8,55
11940,27.36405318503867,16.7741547,49.8,55
12000,28.605017530169597,17.023907,49.9,55
12060,29.81416227670739,17.023907,49.9,55
12120,30.99148742465212,17.023907,49.9,55
12180,32.07335377681753,17.023907,50.0,55
12240,32.45518895993473,17.023907,50.0,55
12300,32.51882815712093,19.2258518,50.0,55
12360,32.55064775571404,19.2258518,50.1,55
12420,32.29609096696922,19.2258518,50.1,55
12480,31.468781403548608,19.2258518,50.1,55
12540,30.355095452790117,20.8231253,50.1,55
12600,28.827754720321288,20.8231253,50.2,55
12660,26.79130041036286,20.8231253,50.2,55
12720,24.85030489618376,20.8231253,50.2,55
12780,22.622932994666733,20.8231253,50.2,55
12840,20.522839487522116,20.5268467,50.2,55
12900,19.504612332542905,20.5268467,50.2,55
12960,18.5182047761568,20.5268467,50.2,55
13020,17.46815802258449,20.5268467,50.2,55
13080,16.354472071825978,20.5268467,50.2,55
13140,15.49534290981227,19.4978461,50.2,55
13200,14.668033346391663,19.4978461,50.1,55
13260,13.840723782971054,19.4978461,50.1,55
13320,12.981594620957349,19.4978461,50.1,55
13380,12.28156345190914,19.4978461,50.1,55
13440,11.645171480047134,18.3659207,50.1,55
13500,10.913320712405827,18.3659207,50.1,55
13560,10.276928740543823,18.3659207,50.0,55
13620,9.735995564461108,18.3659207,50.0,55
13680,9.195062388378405,18.3659207,50.0,55
13740,8.622309613702605,18.2108725,50.0,55
13800,8.081376437619902,18.2108725,49.9,55
13860,7.699541254502695,18.2108725,49.9,55
13920,7.349525669978596,18.2108725,49.9,55
13980,6.8404120924889895,18.6435625,49.9,55
14040,7.094968881233788,18.6435625,49.8,55
14100,7.635902057316491,18.6435625,49.8,55
14160,8.463211620737098,18.6435625,49.8,55
14220,9.576897571495612,18.6435625,49.8,55
14280,11.008779508185128,18.507381,49.7,55
14340,12.790677029398745,18.507381,49.7,55
14400,14.318017761867551,18.507381,49.7,55
14460,16.609028860570774,18.507381,49.7,55
14520,18.7409419663085,18.507381,49.7,55
14580,21.604705839687522,19.3901992,49.7,55
14640,24.213912924321757,19.3901992,49.7,55
14700,25.51851646663885,19.3901992,49.8,55
14760,26.854939607549078,19.3901992,49.8,55
14820,28.159543149866195,19.3901992,49.8,55
14880,29.400507494997097,19.6500007,49.8,55
14940,30.609652241534913,19.6500007,49.8,55
15000,31.818796988072727,19.6500007,49.9,55
15060,32.55064775571404,19.6500007,49.9,55
15120,32.55064775571404,19.6500007,49.9,55
15180,32.51882815712093,19.2884231,50.0,55
15240,32.55064775571404,19.2884231,50.0,55
15300,32.55064775571404,19.2884231,50.0,55
15360,32.55064775571404,19.2884231,50.1,55
15420,32.26427136837613,19.4959406,50.1,55
15480,31.34150300917622,19.4959406,50.1,55
15540,30.16417786123151,19.4959406,50.2,55
15600,28.477739135797187,19.4959406,50.2,55
15660,26.504924023024977,19.4959406,50.2,55
15720,24.086634529949347,18.6798435,50.2,55
15780,21.795623431246124,18.6798435,50.2,55
15840,20.554659086115212,18.6798435,50.2,55
15900,19.377333938170505,18.6798435,50.2,55
15960,18.327287184598195,18.6798435,50.2,55
16020,17.309060029618983,19.3896156,50.2,55
16080,16.354472071825978,19.3896156,50.2,55
16140,15.399884114032968,19.3896156,50.2,55
16200,14.57257455061236,19.3896156,50.2,55
16260,13.745264987191753,19.3896156,50.2,55
16320,12.981594620957349,20.0574955,50.2,55
16380,12.249743853316042,20.0574955,50.1,55
16440,11.549712684267831,20.0574955,50.1,55
16500,10.945140310998925,20.0574955,50.1,55
16560,10.308748339136919,20.0574955,50.1,55
16620,9.70417596586801,18.9097385,50.0,55
16680,9.195062388378405,18.9097385,50.0,55
16740,8.6859488108888,18.9097385,50.0,55
16800,8.176835233399194,18.9097385,50.0,55
16860,7.699541254502695,19.2826362,49.9,55
16920,7.254066874199294,19.2826362,49.9,55
16980,7.254066874199294,19.2826362,49.9,55
17040,7.572262860130296,19.2826362,49.9,55
17100,8.081376437619902,19.2826362,49.8,55
17160,9.004144796819801,18.7395015,49.8,55
17220,9.95873275461282,18.7395015,49.8,55
17280,10.945140310998925,18.7395015,49.8,55
17340,12.599759437840142,18.7395015,49.7,55
17400,14.636213747798553,18.7395015,49.7,55
17460,16.704487656350075,17.9703698,49.7,55
17520,18.645483170529197,17.9703698,49.7,55
17580,20.84103547345312,17.9703698,49.7,55
17640,23.10022697356324,17.9703698,49.8,55
17700,25.23214007930097,17.9703698,49.8,55
17760,26.504924023024977,19.3524822,49.8,55
17820,27.777707966748988,19.3524822,49.8,55
17880,29.082311509066084,19.3524822,49.8,55
17940,30.291456255603897,19.3524822,49.9,55
18000,31.373322607769303,19.3524822,49.9,55
18060,32.48700855852782,19.5367941,49.9,55
18120,32.51882815712093,19.5367941,50.0,55
18180,32.55064775571404,19.5367941,50.0,55
18240,32.51882815712093,19.5367941,50.0,55
18300,32.51882815712093,19.3763154,50.0,55
18360,32.51882815712093,19.3763154,50.1,55
18420,32.39154976274852,19.3763154,50.1,55
18480,31.500601002141714,19.3763154,50.1,55
18540,30.100538664045295,19.3763154,50.2,55
18600,28.19136274845928,19.0666091,50.2,55
18660,25.995810445535362,19.0666091,50.2,55
18720,23.450242558087343,19.0666091,50.2,55
18780,20.968313867825515,19.0666091,50.2,55
18840,19.822808318473907,19.0666091,50.2,55
18900,18.931859557867103,18.5780936,50.2,55
18960,17.881812804294796,18.5780936,50.2,55
19020,16.736307254943185,18.5780936,50.2,55
19080,15.781719297150165,18.5780936,50.2,55
19140,14.858950937950265,18.5780936,50.2,55
19200,14.031641374529658,19.2180524,50.2,55
19260,13.17251221251594,19.2180524,50.2,55
19320,11.740630275826437,19.2180524,50.2,55
19380,11.199697099743721,19.2180524,50.1,55
19440,10.53148552928862,19.2180524,50.1,55
19500,9.990552353205917,19.7405619,50.1,55
19560,9.449619177123214,19.7405619,50.1,55
19620,8.940505599633608,19.7405619,50.0,55
19680,8.399572423550905,19.7405619,50.0,55
19740,7.9222784446543955,18.9111336,50.0,55
19800,7.508623662944092,18.9111336,50.0,55
19860,7.0631492826406905,18.9111336,49.9,55
19920,6.649494500930386,18.9111336,49.9,55
19980,6.776772895302785,18.9111336,49.9,55
20040,7.126788479826884,18.5752398,49.8,55
20100,7.8268196488750945,18.5752398,49.8,55
20160,8.717768409481907,18.5752398,49.8,55
20220,10.054191550392112,18.5752398,49.8,55
20280,11.708810677233327,18.5752398,49.8,55
20340,13.20433181110905,19.2124683,49.7,55
20400,15.14532732528816,19.2124683,49.7,55
20460,17.277240431025888,19.2124683,49.7,55
20520,19.790988719880808,19.2124683,49.7,55
20580,22.463835001701238,19.2124683,49.7,55
20640,24.30937172010106,18.8619435,49.7,55
20700,25.613975262418155,18.8619435,49.8,55
20760,26.918578804735272,18.8619435,49.8,55
20820,28.19136274845928,18.8619435,49.8,55
20880,29.559605487962592,18.8619435,49.8,55
20940,30.673291438721108,18.6418699,49.9,55
21000,31.755157790886514,18.6418699,49.9,55
21060,32.51882815712093,18.6418699,49.9,55
21120,32.55064775571404,18.6418699,50.0,55
21180,32.55064775571404,18.4530323,50.0,55
21240,32.51882815712093,18.4530323,50.0,55
21300,32.51882815712093,18.4530323,50.1,55
21360,32.51882815712093,18.4530323,50.1,55
21420,32.200632171189916,18.4530323,50.1,55
21480,30.99148742465212,18.0804711,50.2,55
21540,29.46414669218329,18.0804711,50.2,55
21600,26.95039840332838,18.0804711,50.2,55
21660,24.595748107438943,18.0804711,50.2,55
21720,22.241097811549526,18.0804711,50.2,55
21780,20.522839487522116,17.3893407,50.2,55
21840,19.536431931136,17.3893407,50.3,55
21900,18.550024374749896,17.3893407,50.3,55
21960,17.436338423991383,17.3893407,50.3,55
22020,16.354472071825978,17.3893407,50.3,55
22080,15.431703712626065,17.0149937,50.2,55
22140,14.604394149205458,17.0149937,50.2,55
22200,13.777084585784849,17.0149937,50.2,55
22260,12.917955423771144,17.0149937,50.2,55
22320,12.217924254722934,17.0149937,50.2,55
22380,11.517893085674725,17.5748537,50.2,55
22440,10.849681515219622,17.5748537,50.2,55
22500,10.245109141950714,17.5748537,50.2,55
22560,9.60871717008871,17.5748537,50.1,55
22620,9.067783994006007,16.7794942,50.1,55
22680,8.558670416516401,16.7794942,50.1,55
22740,8.081376437619902,16.7794942,50.1,55
22800,7.572262860130296,16.7794942,50.1,55
22860,7.158608078419992,16.7794942,50.0,55
22920,6.744953296709689,15.8496637,50.0,55
22980,6.394937712185578,15.8496637,50.0,55
23040,5.949463331882177,15.8496637,50.0,55
23100,5.631267345951175,15.8496637,49.9,55
23160,5.408530155799474,15.8496637,49.9,55
23220,5.663086944544271,15.6121936,49.9,55
23280,5.663086944544271,15.6121936,49.9,55
23340,6.204020120626986,15.6121936,49.8,55
23400,6.967690486861389,15.6121936,49.8,55
23460,8.145015634806096,15.6121936,49.8,55
23520,9.03596439541291,15.9549328,49.8,55
23580,10.53148552928862,15.9549328,49.8,55
23640,12.345202649095333,15.9549328,49.8,55
23700,14.09528057171585,15.9549328,49.8,55
23760,15.781719297150165,15.9549328,49.8,55
23820,17.627256015549985,16.2301057,49.8,55
23880,19.66371032550841,16.2301057,49.8,55
23940,21.73198423405992,16.2301057,49.8,55
24000,23.83207774120455,16.2301057,49.8,55
24060,25.486696868045765,15.5743217,49.8,55
24120,26.886759206142163,15.5743217,49.9,55
24180,28.127723551273085,15.5743217,49.9,55
24240,29.36868789640399,15.5743217,49.9,55
24300,30.51419344575561,15.5743217,50.0,55
24360,31.500601002141714,15.6410735,50.0,55
24420,31.850616586665815,15.6410735,50.0,55
24480,31.91425578385203,15.6410735,50.1,55
24540,31.69151859370032,15.6410735,50.1,55
24600,30.8323894316866,15.6410735,50.2,55
24660,29.2414095020316,16.5481941,50.2,55
24720,27.52315117800417,16.5481941,50.2,55
24780,25.45487726945266,16.5481941,50.2,55
24840,22.90930938200464,16.5481941,50.3,55
24900,20.491019888929017,16.5481941,50.3,55
24960,19.568251529729107,16.4859893,50.3,55
25020,18.58184397334299,16.4859893,50.3,55
25080,17.46815802258449,16.4859893,50.3,55
25140,16.481750466198374,16.4859893,50.3,55
25200,15.558982106998464,16.4859893,50.3,55
25260,14.668033346391663,15.6639723,50.3,55
25320,13.840723782971054,15.6639723,50.3,55
25380,13.045233818143542,15.6639723,50.3,55
25440,12.345202649095333,15.6639723,50.3,55
25500,11.676991078640231,16.6731375,50.2,55
25560,10.945140310998925,16.6731375,50.2,55
25620,10.308748339136919,16.6731375,50.2,55
25680,9.735995564461108,16.6731375,50.2,55
25740,9.226881986971513,16.6731375,50.2,55
25800,8.654129212295702,17.2297374,50.2,55
25860,8.176835233399194,17.2297374,50.1,55
25920,7.731360853095792,17.2297374,50.1,55
25980,7.2858864727923915,17.2297374,50.1,55
26040,6.8085924938958815,17.2297374,50.1,55
26100,6.458576909371782,16.5423702,50.0,55
26160,6.108561324847683,16.5423702,50.0,55
26220,5.694906543137379,16.5423702,50.0,55
26280,5.408530155799474,16.5423702,50.0,55
26340,5.090334169868472,16.5423702,49.9,55
26400,4.772138183937469,15.8889033,49.9,55
26460,4.708498986751264,15.8889033,49.9,55
26520,5.153973367054665,15.8889033,49.8,55
26580,5.790365338916681,15.8889033,49.8,55
26640,6.713133698116581,15.8889033,49.8,55
26700,8.049556839026796,16.2731585,49.8,55
26760,9.576897571495612,16.2731585,49.8,55
26820,10.849681515219622,16.2731585,49.7,55
26880,12.790677029398745,16.2731585,49.7,55
26940,14.57257455061236,15.6735578,49.7,55
27000,17.022683642281077,15.6735578,49.7,55
27060,19.345514339577406,15.6735578,49.7,55
27120,21.604705839687522,15.6735578,49.8,55
27180,23.991175734170046,15.6735578,49.8,55
27240,26.918578804735272,14.7521296,49.8,55
27300,27.87316676252829,14.7521296,49.8,55
27360,29.082311509066084,14.7521296,49.9,55
27420,30.355095452790117,14.7521296,49.9,55
27480,31.405142206362413,14.7521296,50.0,55
27540,31.88243618525892,14.9239527,50.0,55
27600,32.009714579631336,14.9239527,50.0,55
27660,32.13699297400372,14.9239527,50.1,55
27720,31.150585417617616,14.9239527,50.1,55
27780,30.06871906545221,14.9239527,50.2,55
27840,28.573197931576487,15.0799918,50.2,55
27900,26.759480811769777,15.0799918,50.2,55
27960,24.05481493135624,15.0799918,50.2,55
28020,21.509247043908218,15.0799918,50.3,55
28080,20.300102297370415,15.0799918,50.3,55
28140,19.1864163466119,14.8453531,50.3,55
28200,18.136369593039593,14.8453531,50.3,55
28260,17.11814243806038,14.8453531,50.3,55
28320,16.163554480267372,14.8453531,50.3,55
28380,15.27260571966057,15.0917483,50.3,55
28440,14.381656959053757,15.0917483,50.3,55
28500,13.586166994226245,15.0917483,50.3,55
28560,12.854316226584938,15.0917483,50.3,55
28620,12.090645860350534,15.0917483,50.3,55
28680,11.422434289895433,15.8498832,50.3,55
28740,10.786042318033417,15.8498832,50.3,55
28800,10.149650346171413,15.8498832,50.2,55
28860,9.576897571495612,15.8498832,50.2,55
28920,9.03596439541291,15.8498832,50.2,55
28980,8.526850817923304,16.7157442,50.2,55
29040,8.049556839026796,16.7157442,50.2,55
29100,7.572262860130296,16.7157442,50.2,55
29160,7.158608078419992,16.7157442,50.1,55
29220,6.744953296709689,16.7157442,50.1,55
29280,6.363118113592481,18.2455621,50.1,55
29340,6.013102529068382,18.2455621,50.0,55
29400,5.663086944544271,18.2455621,50.0,55
29460,5.344890958613268,18.2455621,50.0,55
29520,4.994875374089169,18.2455621,49.9,55
29580,4.708498986751264,17.6316403,49.9,55
29640,4.708498986751264,17.6316403,49.9,55
29700,4.994875374089169,17.6316403,49.9,55
29760,5.376710557206376,17.6316403,49.8,55
29820,6.076741726254575,17.2855054,49.8,55
29880,7.158608078419992,17.2855054,49.8,55
29940,8.526850817923304,17.2855054,49.8,55
30000,10.149650346171413,17.2855054,49.7,55
30060,12.186104656129837,17.2855054,49.7,55
30120,14.413476557646854,16.8078614,49.7,55
30180,16.54538966338458,16.8078614,49.7,55
30240,19.536431931136,16.8078614,49.7,55
30300,22.30473700873573,16.8078614,49.7,55
30360,23.89571693839074,16.8078614,49.8,55
30420,25.168500882114753,16.2810157,49.8,55
30480,26.60038281880428,16.2810157,49.8,55
30540,28.032264755493784,16.2810157,49.8,55
30600,29.273229100624686,16.2810157,49.9,55
30660,30.418734649976308,16.2810157,49.9,55
30720,31.596059797921015,16.0538004,49.9,55
30780,32.51882815712093,16.0538004,50.0,55
30840,32.51882815712093,16.0538004,50.0,55
30900,32.51882815712093,16.0538004,50.1,55
30960,32.51882815712093,16.0538004,50.1,55
31020,32.26427136837613,16.1375022,50.1,55
31080,31.373322607769303,16.1375022,50.2,55
31140,27.87316676252829,16.1375022,50.2,55
31200,25.77307325538367,16.1375022,50.2,55
