Time,Qin,Qout,Level
2025-03-24 13:10:54.087533,0.119,16.567,62.5
2025-03-24 13:10:55.110011,0.0,16.567,62.5
2025-03-24 13:10:56.127509,0.119,16.567,62.5
2025-03-24 13:10:57.143041,0.119,16.567,62.5
2025-03-24 13:10:58.158626,0.119,16.567,62.5
2025-03-24 13:10:59.175282,0.119,16.567,62.5
2025-03-24 13:11:00.190795,0.0,16.567,62.5
2025-03-24 13:11:01.208243,0.0,16.567,62.5
2025-03-24 13:11:02.225678,0.0,16.567,62.5
2025-03-24 13:11:03.241326,0.0,16.567,62.5
2025-03-24 13:11:04.258392,0.0,16.567,62.5
2025-03-24 13:11:05.277849,0.119,16.567,62.5
2025-03-24 13:11:06.295784,0.119,16.567,62.5
2025-03-24 13:11:07.314184,0.0,16.567,62.5
2025-03-24 13:11:08.330190,0.0,16.567,62.5
2025-03-24 13:11:09.348065,0.119,16.567,62.5
2025-03-24 13:11:10.365063,0.0,16.567,62.5
2025-03-24 13:11:11.381456,0.0,16.567,62.5
2025-03-24 13:11:12.398324,0.119,16.567,62.5
2025-03-24 13:11:13.415239,0.0,16.567,62.5
2025-03-24 13:11:14.433637,0.0,16.567,62.5
2025-03-24 13:11:15.450638,0.119,16.567,62.5
2025-03-24 13:11:16.467590,0.0,16.567,62.5
2025-03-24 13:11:17.484481,0.0,16.567,62.5
2025-03-24 13:11:18.500313,0.119,16.567,62.5
2025-03-24 13:11:19.516334,0.0,16.567,62.5
2025-03-24 13:11:20.531759,0.0,16.567,62.5
2025-03-24 13:11:21.548183,0.0,16.567,62.5
2025-03-24 13:11:22.566511,0.0,16.567,62.5
2025-03-24 13:11:23.582492,0.0,16.567,62.5
2025-03-24 13:11:24.599053,0.119,16.567,62.5
2025-03-24 13:11:25.616288,0.0,16.567,62.5
2025-03-24 13:11:26.632611,0.0,16.567,62.5
2025-03-24 13:11:27.649383,0.0,16.567,62.5
2025-03-24 13:11:28.665721,0.0,16.567,62.5
2025-03-24 13:11:29.682113,0.0,16.567,62.5
2025-03-24 13:11:30.700036,0.119,16.567,62.5
2025-03-24 13:11:31.716518,0.119,16.567,62.5
2025-03-24 13:11:32.732972,0.0,16.567,62.5
2025-03-24 13:11:33.750638,0.0,16.567,62.5
2025-03-24 13:11:34.767535,0.0,16.567,62.5
2025-03-24 13:11:35.784296,0.119,16.567,62.5
2025-03-24 13:11:36.801229,0.119,16.567,62.5
2025-03-24 13:11:37.818508,0.119,16.567,62.5
2025-03-24 13:11:38.833705,0.0,16.567,62.5
2025-03-24 13:11:39.850637,0.0,16.567,62.5
2025-03-24 13:11:40.867026,0.0,16.567,62.5
2025-03-24 13:11:41.883377,0.119,16.567,62.5
2025-03-24 13:11:42.900678,0.119,16.567,62.5
2025-03-24 13:11:43.917074,0.119,16.567,62.5
2025-03-24 13:11:44.933578,0.119,16.567,62.5
2025-03-24 13:11:45.954400,0.0,16.567,62.5
2025-03-24 13:11:46.972165,0.0,16.567,62.5
2025-03-24 13:11:47.988642,0.119,16.567,62.5
2025-03-24 13:11:49.005650,0.0,16.567,62.5
2025-03-24 13:11:50.022653,0.0,16.567,62.5
2025-03-24 13:11:51.040679,0.0,16.567,62.5
2025-03-24 13:11:52.059033,0.0,16.567,62.5
2025-03-24 13:11:53.075705,0.0,16.567,62.5
2025-03-24 13:11:54.091978,0.0,16.567,62.5
2025-03-24 13:11:55.112607,0.119,16.567,62.5
2025-03-24 13:11:56.129353,0.0,16.567,62.5
2025-03-24 13:11:57.147633,0.0,16.567,62.5
2025-03-24 13:11:58.165318,0.119,16.567,62.5
2025-03-24 13:11:59.183611,0.119,16.567,62.5
2025-03-24 13:12:00.201252,0.119,16.567,62.5
2025-03-24 13:12:01.218313,0.0,16.567,62.5
2025-03-24 13:12:02.234249,0.119,16.567,62.5
2025-03-24 13:12:03.249887,0.0,16.567,62.5
2025-03-24 13:12:04.268792,0.0,16.567,62.5
2025-03-24 13:12:05.285790,0.0,16.567,62.5
2025-03-24 13:12:06.303958,0.0,16.567,62.5
2025-03-24 13:12:07.322058,0.0,16.567,62.5
2025-03-24 13:12:08.338564,0.0,16.567,62.5
2025-03-24 13:12:09.354739,0.119,16.567,62.4
2025-03-24 13:12:10.372917,0.0,16.567,62.4
2025-03-24 13:12:11.390809,0.0,16.567,62.4
2025-03-24 13:12:12.408144,0.0,16.567,62.4
2025-03-24 13:12:13.424039,0.0,16.567,62.4
2025-03-24 13:12:14.442165,0.0,16.567,62.4
2025-03-24 13:12:15.462712,0.0,16.567,62.4
2025-03-24 13:12:16.480402,0.0,16.567,62.4
2025-03-24 13:12:17.498375,0.0,16.567,62.4
2025-03-24 13:12:18.515924,0.119,16.567,62.4
2025-03-24 13:12:19.535347,0.0,16.567,62.4
2025-03-24 13:12:20.552627,0.0,16.567,62.4
2025-03-24 13:12:21.568717,0.0,16.567,62.4
2025-03-24 13:12:22.586308,0.119,16.567,62.4
2025-03-24 13:12:23.603250,0.119,16.567,62.4
2025-03-24 13:12:24.619929,0.0,16.567,62.4
2025-03-24 13:12:25.637707,0.0,16.567,62.4
2025-03-24 13:12:26.657385,0.0,16.567,62.4
2025-03-24 13:12:27.674085,0.0,16.567,62.4
2025-03-24 13:12:28.690396,0.119,16.567,62.4
2025-03-24 13:12:29.711545,0.119,16.567,62.4
2025-03-24 13:12:30.728408,0.0,16.567,62.4
2025-03-24 13:12:31.746074,0.0,16.567,62.4
2025-03-24 13:12:32.763286,0.0,16.567,62.4
2025-03-24 13:12:33.781406,0.0,16.567,62.4
2025-03-24 13:12:34.801258,0.0,16.567,62.4
2025-03-24 13:12:35.818250,0.0,16.567,62.4
2025-03-24 13:12:36.835216,0.0,16.567,62.4
2025-03-24 13:12:37.851909,0.119,16.567,62.4
2025-03-24 13:12:38.869796,0.119,16.567,62.4
2025-03-24 13:12:39.889485,0.0,16.567,62.4
2025-03-24 13:12:40.905720,0.0,16.567,62.4
2025-03-24 13:12:41.922926,0.119,16.567,62.4
2025-03-24 13:12:42.940499,0.0,16.567,62.4
2025-03-24 13:12:43.957219,0.0,16.567,62.4
2025-03-24 13:12:44.974701,0.0,16.567,62.4
2025-03-24 13:12:45.991285,0.0,16.567,62.4
2025-03-24 13:12:47.008139,0.0,16.567,62.4
2025-03-24 13:12:48.026703,0.0,16.567,62.4
2025-03-24 13:12:49.043140,0.0,16.567,62.4
2025-03-24 13:12:50.061034,0.119,16.567,62.4
2025-03-24 13:12:51.078797,0.119,16.567,62.4
2025-03-24 13:12:52.096887,0.0,16.567,62.4
2025-03-24 13:12:53.114378,0.0,16.567,62.4
2025-03-24 13:12:54.132022,0.0,16.567,62.4
2025-03-24 13:12:55.149329,0.0,16.567,62.4
2025-03-24 13:12:56.166074,0.119,16.567,62.4
2025-03-24 13:12:57.182649,0.0,16.567,62.4
2025-03-24 13:12:58.198471,0.119,16.567,62.4
2025-03-24 13:12:59.215378,0.0,16.567,62.4
2025-03-24 13:13:00.233271,0.0,16.567,62.4
2025-03-24 13:13:01.252487,0.0,16.567,62.4
2025-03-24 13:13:02.270043,0.119,16.567,62.4
2025-03-24 13:13:03.287201,0.0,16.567,62.4
2025-03-24 13:13:04.304048,0.246,16.567,62.4
2025-03-24 13:13:05.321353,0.119,16.567,62.4
2025-03-24 13:13:06.339118,0.0,16.567,62.4
2025-03-24 13:13:07.357196,0.0,16.567,62.4
2025-03-24 13:13:08.374235,0.0,16.567,62.4
2025-03-24 13:13:09.390448,0.119,16.567,62.4
2025-03-24 13:13:10.407931,0.0,16.567,62.4
2025-03-24 13:13:11.425626,0.119,16.567,62.4
2025-03-24 13:13:12.444499,0.0,16.567,62.4
2025-03-24 13:13:13.460286,0.0,16.567,62.4
2025-03-24 13:13:14.478585,0.119,16.567,62.4
2025-03-24 13:13:15.497415,0.119,16.567,62.4
2025-03-24 13:13:16.515413,0.0,16.567,62.4
2025-03-24 13:13:17.533960,0.119,16.567,62.4
2025-03-24 13:13:18.551316,0.119,16.567,62.4
2025-03-24 13:13:19.568932,0.0,16.567,62.4
2025-03-24 13:13:20.586530,0.0,16.567,62.4
2025-03-24 13:13:21.602968,0.0,16.567,62.4
2025-03-24 13:13:22.622211,0.0,16.567,62.4
2025-03-24 13:13:23.638715,0.0,16.567,62.4
2025-03-24 13:13:24.656402,0.0,16.567,62.4
2025-03-24 13:13:25.674425,0.0,16.567,62.4
2025-03-24 13:13:26.692074,0.119,16.567,62.4
2025-03-24 13:13:27.710295,0.0,16.567,62.4
2025-03-24 13:13:28.726650,0.0,16.567,62.4
2025-03-24 13:13:29.743589,0.0,16.567,62.4
2025-03-24 13:13:30.759887,0.0,16.567,62.4
2025-03-24 13:13:31.775966,0.0,16.567,62.4
2025-03-24 13:13:32.792592,0.0,16.567,62.4
2025-03-24 13:13:33.810570,0.0,16.567,62.4
2025-03-24 13:13:34.829150,0.0,16.567,62.4
2025-03-24 13:13:35.847974,0.0,16.567,62.4
2025-03-24 13:13:36.868436,0.0,16.567,62.4
2025-03-24 13:13:37.886026,0.0,16.567,62.4
2025-03-24 13:13:38.904400,0.0,16.567,62.4
2025-03-24 13:13:39.921444,0.0,16.567,62.4
2025-03-24 13:13:40.938961,0.0,16.567,62.4
2025-03-24 13:13:41.957605,0.0,16.567,62.4
2025-03-24 13:13:42.975271,0.0,16.567,62.4
2025-03-24 13:13:43.993042,0.0,16.567,62.4
2025-03-24 13:13:45.010694,0.0,16.567,62.4
2025-03-24 13:13:46.029317,0.119,16.567,62.4
2025-03-24 13:13:47.047128,0.119,16.567,62.4
2025-03-24 13:13:48.065787,0.0,16.567,62.4
2025-03-24 13:13:49.082886,0.119,16.567,62.4
2025-03-24 13:13:50.100829,0.0,16.567,62.4
2025-03-24 13:13:51.118331,0.0,16.567,62.4
2025-03-24 13:13:52.136884,0.0,16.567,62.4
2025-03-24 13:13:53.153543,0.0,16.567,62.4
2025-03-24 13:13:54.170834,0.0,16.567,62.4
2025-03-24 13:13:55.189249,0.0,16.567,62.4
2025-03-24 13:13:56.206972,0.0,16.567,62.4
2025-03-24 13:13:57.224646,0.0,16.567,62.4
2025-03-24 13:13:58.241114,0.119,16.567,62.4
2025-03-24 13:13:59.257905,0.0,16.567,62.4
2025-03-24 13:14:00.275230,0.0,16.567,62.4
2025-03-24 13:14:01.293175,0.0,16.567,62.4
2025-03-24 13:14:02.311221,0.119,16.567,62.4
2025-03-24 13:14:03.328157,0.0,16.567,62.4
2025-03-24 13:14:04.345899,0.0,16.567,62.4
2025-03-24 13:14:05.364147,0.0,16.567,62.4
2025-03-24 13:14:06.382283,0.0,16.567,62.4
2025-03-24 13:14:07.400684,0.0,16.567,62.4
2025-03-24 13:14:08.417190,0.0,16.567,62.4
2025-03-24 13:14:09.434407,0.119,16.567,62.4
2025-03-24 13:14:10.452539,0.119,16.567,62.4
2025-03-24 13:14:11.471188,0.0,16.567,62.4
2025-03-24 13:14:12.489327,0.0,16.567,62.4
2025-03-24 13:14:13.506469,0.119,16.567,62.4
2025-03-24 13:14:14.523399,0.0,16.567,62.4
2025-03-24 13:14:15.541172,0.0,16.567,62.4
2025-03-24 13:14:16.558873,0.0,16.567,62.4
2025-03-24 13:14:17.580280,0.119,16.567,62.4
2025-03-24 13:14:18.598047,0.0,16.567,62.4
2025-03-24 13:14:19.617913,0.119,16.567,62.4
2025-03-24 13:14:20.638326,0.0,16.567,62.4
2025-03-24 13:14:21.655227,0.0,16.567,62.4
2025-03-24 13:14:22.672334,0.0,16.567,62.4
2025-03-24 13:14:23.689139,0.119,16.567,62.4
2025-03-24 13:14:24.704507,0.119,16.567,62.4
2025-03-24 13:14:25.722598,0.119,16.567,62.4
2025-03-24 13:14:26.740606,0.0,16.567,62.4
2025-03-24 13:14:27.759062,0.0,16.567,62.4
2025-03-24 13:14:28.776653,0.0,16.567,62.4
2025-03-24 13:14:29.795883,0.0,16.567,62.4
2025-03-24 13:14:30.815074,0.0,16.567,62.4
2025-03-24 13:14:31.832964,0.0,16.567,62.4
2025-03-24 13:14:32.851588,0.0,16.567,62.4
2025-03-24 13:14:33.868200,0.0,16.567,62.4
2025-03-24 13:14:34.886834,0.0,16.567,62.4
2025-03-24 13:14:35.904849,0.0,16.567,62.4
2025-03-24 13:14:36.922724,0.0,16.567,62.4
2025-03-24 13:14:37.940789,0.0,16.567,62.4
2025-03-24 13:14:38.958953,0.0,16.567,62.4
2025-03-24 13:14:39.977115,0.0,16.567,62.3
2025-03-24 13:14:40.994930,0.119,16.567,62.3
2025-03-24 13:14:42.012904,0.0,16.567,62.3
2025-03-24 13:14:43.031772,0.0,16.567,62.3
2025-03-24 13:14:44.049545,0.0,16.567,62.3
2025-03-24 13:14:45.067691,0.0,16.567,62.3
2025-03-24 13:14:46.085906,0.119,16.567,62.3
2025-03-24 13:14:47.104781,0.0,16.567,62.3
2025-03-24 13:14:48.123572,0.0,16.567,62.3
2025-03-24 13:14:49.140900,0.119,16.567,62.3
2025-03-24 13:14:50.158551,0.0,16.567,62.3
2025-03-24 13:14:51.176789,0.0,16.567,62.3
2025-03-24 13:14:52.194522,0.0,16.567,62.3
2025-03-24 13:14:53.212647,0.119,16.567,62.3
2025-03-24 13:14:54.229931,0.0,16.567,62.3
2025-03-24 13:14:55.247044,0.0,16.567,62.3
2025-03-24 13:14:56.265492,0.0,16.567,62.3
2025-03-24 13:14:57.282546,0.119,16.567,62.3
2025-03-24 13:14:58.301118,0.119,16.567,62.3
2025-03-24 13:14:59.317863,0.0,16.567,62.3
2025-03-24 13:15:00.335102,0.119,16.567,62.3
2025-03-24 13:15:01.352740,0.0,16.567,62.3
2025-03-24 13:15:02.376366,0.119,16.567,62.3
2025-03-24 13:15:03.395274,0.0,16.567,62.3
2025-03-24 13:15:04.412884,0.0,16.567,62.3
2025-03-24 13:15:05.430412,0.0,16.567,62.3
2025-03-24 13:15:06.448781,0.0,16.567,62.3
2025-03-24 13:15:07.466023,0.0,16.567,62.3
2025-03-24 13:15:08.483766,0.0,16.567,62.3
2025-03-24 13:15:09.501614,0.0,16.567,62.3
2025-03-24 13:15:10.520084,0.0,16.567,62.3
2025-03-24 13:15:11.539522,0.0,16.567,62.3
2025-03-24 13:15:12.558347,0.0,16.567,62.3
2025-03-24 13:15:13.575241,0.0,16.567,62.3
2025-03-24 13:15:14.592812,0.0,16.567,62.3
2025-03-24 13:15:15.613494,0.0,16.567,62.3
2025-03-24 13:15:16.634224,0.0,16.567,62.3
2025-03-24 13:15:17.653042,0.0,16.567,62.3
2025-03-24 13:15:18.672294,0.119,16.567,62.3
2025-03-24 13:15:19.689982,0.119,16.567,62.3
2025-03-24 13:15:20.708000,0.0,16.567,62.3
2025-03-24 13:15:21.727696,0.0,16.567,62.3
2025-03-24 13:15:22.747848,0.0,16.567,62.3
2025-03-24 13:15:23.766520,0.0,16.567,62.3
2025-03-24 13:15:24.784955,0.119,16.567,62.3
2025-03-24 13:15:25.802930,0.119,16.567,62.3
2025-03-24 13:15:26.821566,0.0,16.567,62.3
2025-03-24 13:15:27.838182,0.0,16.567,62.3
2025-03-24 13:15:28.855232,0.0,16.567,62.3
2025-03-24 13:15:29.874655,0.0,16.567,62.3
2025-03-24 13:15:30.893433,0.0,16.567,62.3
2025-03-24 13:15:31.910809,0.0,16.567,62.3
2025-03-24 13:15:32.928866,0.119,16.567,62.3
2025-03-24 13:15:33.946055,0.119,16.567,62.3
2025-03-24 13:15:34.963963,0.0,16.567,62.3
2025-03-24 13:15:35.981501,0.0,16.567,62.3
2025-03-24 13:15:36.999980,0.0,16.567,62.3
2025-03-24 13:15:38.019186,0.0,16.567,62.3
2025-03-24 13:15:39.038109,0.0,16.567,62.3
2025-03-24 13:15:40.056232,0.119,16.567,62.3
2025-03-24 13:15:41.074966,0.0,16.567,62.3
2025-03-24 13:15:42.092144,0.119,16.567,62.3
2025-03-24 13:15:43.111018,0.0,16.567,62.3
2025-03-24 13:15:44.129188,0.119,16.567,62.3
2025-03-24 13:15:45.147865,0.119,16.567,62.3
2025-03-24 13:15:46.168552,0.0,16.567,62.3
2025-03-24 13:15:47.186850,0.0,16.567,62.3
2025-03-24 13:15:48.204336,0.0,16.567,62.3
2025-03-24 13:15:49.222512,0.0,16.567,62.3
2025-03-24 13:15:50.240581,0.0,16.567,62.3
2025-03-24 13:15:51.259691,0.0,16.567,62.3
2025-03-24 13:15:52.277932,0.119,16.567,62.3
2025-03-24 13:15:53.296373,0.0,16.567,62.3
2025-03-24 13:15:54.313974,0.0,16.567,62.3
2025-03-24 13:15:55.332170,0.119,16.567,62.3
2025-03-24 13:15:56.350473,0.0,16.567,62.3
2025-03-24 13:15:57.369285,0.119,16.567,62.3
2025-03-24 13:15:58.387798,0.0,16.567,62.3
2025-03-24 13:15:59.406291,0.119,16.567,62.3
2025-03-24 13:16:00.428099,0.0,16.567,62.3
2025-03-24 13:16:01.445619,0.0,16.567,62.3
2025-03-24 13:16:02.465555,0.119,16.567,62.3
2025-03-24 13:16:03.484020,0.0,16.567,62.3
2025-03-24 13:16:04.502464,0.0,16.567,62.3
2025-03-24 13:16:05.524830,0.0,16.567,62.3
2025-03-24 13:16:06.544579,0.0,16.567,62.3
2025-03-24 13:16:07.563217,0.0,16.567,62.3
2025-03-24 13:16:08.582068,0.0,16.567,62.3
2025-03-24 13:16:09.602455,0.0,16.567,62.3
2025-03-24 13:16:10.620152,0.119,16.567,62.3
2025-03-24 13:16:11.638394,0.0,16.567,62.3
2025-03-24 13:16:12.656995,0.0,16.567,62.3
2025-03-24 13:16:13.675289,0.119,16.567,62.3
2025-03-24 13:16:14.693014,0.0,16.567,62.3
2025-03-24 13:16:15.716391,0.0,16.567,62.3
2025-03-24 13:16:16.736446,0.0,16.567,62.3
2025-03-24 13:16:17.756394,0.119,16.567,62.3
2025-03-24 13:16:18.774440,0.0,16.567,62.3
2025-03-24 13:16:19.792626,0.119,16.567,62.3
2025-03-24 13:16:20.810399,0.119,16.567,62.3
2025-03-24 13:16:21.829080,0.119,16.567,62.3
2025-03-24 13:16:22.848546,0.0,16.567,62.3
2025-03-24 13:16:23.866211,0.0,16.567,62.3
2025-03-24 13:16:24.885016,0.0,16.567,62.3
2025-03-24 13:16:25.903778,0.0,16.567,62.3
2025-03-24 13:16:26.924880,0.119,16.567,62.3
2025-03-24 13:16:27.943644,0.0,16.567,62.3
2025-03-24 13:16:28.961628,0.119,16.567,62.3
2025-03-24 13:16:29.981096,0.0,16.567,62.3
2025-03-24 13:16:30.999726,0.119,16.567,62.3
2025-03-24 13:16:32.018363,0.0,16.567,62.3
2025-03-24 13:16:33.037395,0.0,16.567,62.3
2025-03-24 13:16:34.055831,0.0,16.567,62.3
2025-03-24 13:16:35.075101,0.0,16.567,62.3
2025-03-24 13:16:36.093527,0.0,16.567,62.3
2025-03-24 13:16:37.111161,0.0,16.567,62.3
2025-03-24 13:16:38.130126,0.119,16.567,62.3
2025-03-24 13:16:39.148927,0.0,16.567,62.3
2025-03-24 13:16:40.168501,0.119,16.567,62.3
2025-03-24 13:16:41.187634,0.0,16.567,62.3
2025-03-24 13:16:42.205729,0.119,16.567,62.3
2025-03-24 13:16:43.225080,0.119,16.567,62.3
2025-03-24 13:16:44.243834,0.0,16.567,62.3
2025-03-24 13:16:45.263035,0.0,16.567,62.3
2025-03-24 13:16:46.281784,0.0,16.567,62.3
2025-03-24 13:16:47.300555,0.0,16.567,62.3
2025-03-24 13:16:48.322808,0.0,16.567,62.3
2025-03-24 13:16:49.341333,0.0,16.567,62.3
2025-03-24 13:16:50.359109,0.0,16.567,62.3
2025-03-24 13:16:51.377949,0.119,16.567,62.3
2025-03-24 13:16:52.397891,0.0,16.567,62.3
2025-03-24 13:16:53.415596,0.0,16.567,62.3
2025-03-24 13:16:54.436126,0.119,16.567,62.3
2025-03-24 13:16:55.454854,0.0,16.567,62.3
2025-03-24 13:16:56.475272,0.119,16.567,62.3
2025-03-24 13:16:57.496065,0.0,16.567,62.3
2025-03-24 13:16:58.515878,0.0,16.567,62.3
2025-03-24 13:16:59.536109,0.119,16.567,62.3
2025-03-24 13:17:00.553912,0.0,16.567,62.3
2025-03-24 13:17:01.573745,0.0,16.567,62.3
2025-03-24 13:17:02.592153,0.119,16.567,62.3
2025-03-24 13:17:03.611974,0.0,16.567,62.3
2025-03-24 13:17:04.629728,0.0,16.567,62.3
2025-03-24 13:17:05.647963,0.119,16.567,62.3
2025-03-24 13:17:06.666532,0.0,16.567,62.3
2025-03-24 13:17:07.686411,0.0,16.567,62.3
2025-03-24 13:17:08.704482,0.119,16.567,62.3
2025-03-24 13:17:09.722657,0.119,16.567,62.3
2025-03-24 13:17:10.741178,0.0,16.567,62.2
2025-03-24 13:17:11.759285,0.0,16.567,62.2
2025-03-24 13:17:12.778042,0.0,16.567,62.2
2025-03-24 13:17:13.797213,0.0,16.567,62.2
2025-03-24 13:17:14.815901,0.0,16.567,62.2
2025-03-24 13:17:15.838238,0.0,16.567,62.2
2025-03-24 13:17:16.857770,0.0,16.567,62.2
2025-03-24 13:17:17.878306,0.0,16.567,62.2
2025-03-24 13:17:18.896633,0.0,16.567,62.2
2025-03-24 13:17:19.915415,0.0,16.567,62.2
2025-03-24 13:17:20.933592,0.0,16.567,62.2
2025-03-24 13:17:21.952214,0.119,16.567,62.2
2025-03-24 13:17:22.970974,0.0,16.567,62.2
2025-03-24 13:17:23.989512,0.119,16.567,62.2
2025-03-24 13:17:25.008710,0.0,16.567,62.2
2025-03-24 13:17:26.032412,0.0,16.567,62.2
2025-03-24 13:17:27.052156,0.0,16.567,62.2
2025-03-24 13:17:28.072972,0.0,16.567,62.2
2025-03-24 13:17:29.091277,0.0,16.567,62.2
2025-03-24 13:17:30.110843,0.0,16.567,62.2
2025-03-24 13:17:31.130782,0.0,16.567,62.2
2025-03-24 13:17:32.150571,0.0,16.567,62.2
2025-03-24 13:17:33.170452,0.0,16.567,62.2
2025-03-24 13:17:34.189996,0.0,16.567,62.2
2025-03-24 13:17:35.209550,0.0,16.567,62.2
2025-03-24 13:17:36.229293,0.0,16.567,62.2
2025-03-24 13:17:37.252218,0.119,16.567,62.2
2025-03-24 13:17:38.272397,0.0,16.567,62.2
2025-03-24 13:17:39.292006,0.119,16.567,62.2
2025-03-24 13:17:40.311532,0.0,16.567,62.2
2025-03-24 13:17:41.330541,0.0,16.567,62.2
2025-03-24 13:17:42.350307,0.0,16.567,62.2
2025-03-24 13:17:43.370875,0.0,16.567,62.2
2025-03-24 13:17:44.390641,0.0,16.567,62.2
2025-03-24 13:17:45.409800,0.0,16.567,62.2
2025-03-24 13:17:46.429380,0.0,16.567,62.2
2025-03-24 13:17:47.449583,0.0,16.567,62.2
2025-03-24 13:17:48.468257,0.0,16.567,62.2
2025-03-24 13:17:49.487473,0.0,16.567,62.2
2025-03-24 13:17:50.507325,0.0,16.567,62.2
2025-03-24 13:17:51.526974,0.0,16.567,62.2
2025-03-24 13:17:52.548161,0.0,16.567,62.2
2025-03-24 13:17:53.568739,0.0,16.567,62.2
2025-03-24 13:17:54.587571,0.119,16.567,62.2
2025-03-24 13:17:55.605975,0.0,16.567,62.2
2025-03-24 13:17:56.625873,0.119,16.567,62.2
2025-03-24 13:17:57.645184,0.0,16.567,62.2
2025-03-24 13:17:58.663102,0.0,16.567,62.2
2025-03-24 13:17:59.681907,0.0,16.567,62.2
2025-03-24 13:18:00.703294,0.0,16.567,62.2
2025-03-24 13:18:01.723579,0.119,16.567,62.2
2025-03-24 13:18:02.743056,0.0,16.567,62.2
2025-03-24 13:18:03.762448,0.0,16.567,62.2
2025-03-24 13:18:04.783718,0.0,16.567,62.2
2025-03-24 13:18:05.804501,0.0,16.567,62.2
2025-03-24 13:18:06.825266,0.0,16.567,62.2
2025-03-24 13:18:07.844987,0.119,16.567,62.2
2025-03-24 13:18:08.864720,0.0,16.567,62.2
2025-03-24 13:18:09.883863,0.0,16.567,62.2
2025-03-24 13:18:10.903283,0.0,16.567,62.2
2025-03-24 13:18:11.927727,0.0,16.567,62.2
2025-03-24 13:18:12.949079,0.119,16.567,62.2
2025-03-24 13:18:13.969041,0.0,16.567,62.2
2025-03-24 13:18:14.989239,0.0,16.309,62.2
2025-03-24 13:18:16.008549,0.0,16.309,62.2
2025-03-24 13:18:17.029069,0.0,16.309,62.2
2025-03-24 13:18:18.049119,0.0,16.309,62.2
2025-03-24 13:18:19.069284,0.246,16.309,62.2
2025-03-24 13:18:20.088511,0.0,16.309,62.2
2025-03-24 13:18:21.107548,0.0,16.309,62.2
2025-03-24 13:18:22.126850,0.119,16.309,62.2
2025-03-24 13:18:23.147338,0.0,16.309,62.2
2025-03-24 13:18:24.166740,0.0,16.309,62.2
2025-03-24 13:18:25.188821,0.0,16.309,62.2
2025-03-24 13:18:26.208359,0.0,16.309,62.2
2025-03-24 13:18:27.228138,0.0,16.309,62.2
2025-03-24 13:18:28.248965,0.0,16.309,62.2
2025-03-24 13:18:29.268391,0.0,16.309,62.2
2025-03-24 13:18:30.287052,0.0,16.309,62.2
2025-03-24 13:18:31.306675,0.119,16.309,62.2
2025-03-24 13:18:32.326286,0.119,16.309,62.2
2025-03-24 13:18:33.345841,0.119,16.309,62.2
2025-03-24 13:18:34.365582,0.0,16.309,62.2
2025-03-24 13:18:35.384336,0.0,16.309,62.2
2025-03-24 13:18:36.404289,0.0,16.309,62.2
2025-03-24 13:18:37.425314,0.0,16.309,62.2
2025-03-24 13:18:38.444692,0.0,16.309,62.2
2025-03-24 13:18:39.465871,0.0,16.309,62.2
2025-03-24 13:18:40.489325,0.0,16.309,62.2
2025-03-24 13:18:41.509075,0.0,16.309,62.2
2025-03-24 13:18:42.529552,0.0,16.309,62.2
2025-03-24 13:18:43.548987,0.0,16.309,62.2
2025-03-24 13:18:44.568494,0.119,16.309,62.2
2025-03-24 13:18:45.591442,0.0,16.309,62.2
2025-03-24 13:18:46.610570,0.0,16.309,62.2
2025-03-24 13:18:47.630981,0.119,16.309,62.2
2025-03-24 13:18:48.650946,0.0,16.309,62.2
2025-03-24 13:18:49.670501,0.0,16.309,62.2
2025-03-24 13:18:50.690124,0.0,16.309,62.2
2025-03-24 13:18:51.712805,0.0,16.309,62.2
2025-03-24 13:18:52.732593,0.0,16.309,62.2
2025-03-24 13:18:53.752618,0.0,16.309,62.2
2025-03-24 13:18:54.772849,0.0,16.309,62.2
2025-03-24 13:18:55.794275,0.0,16.309,62.2
2025-03-24 13:18:56.813438,0.119,16.309,62.2
2025-03-24 13:18:57.835251,0.0,16.309,62.2
2025-03-24 13:18:58.856119,0.119,16.309,62.2
2025-03-24 13:18:59.876288,0.119,16.309,62.2
2025-03-24 13:19:00.900438,0.0,16.309,62.2
2025-03-24 13:19:01.922012,0.0,16.309,62.2
2025-03-24 13:19:02.943031,0.0,16.309,62.2
2025-03-24 13:19:03.965603,0.0,16.309,62.2
2025-03-24 13:19:04.985025,0.0,16.309,62.2
2025-03-24 13:19:06.005852,0.0,16.309,62.2
2025-03-24 13:19:07.027455,0.119,16.309,62.2
2025-03-24 13:19:08.047675,0.0,16.309,62.2
2025-03-24 13:19:09.068735,0.0,16.309,62.2
2025-03-24 13:19:10.087862,0.0,16.309,62.2
2025-03-24 13:19:11.109764,0.119,16.309,62.2
2025-03-24 13:19:12.130776,0.0,16.309,62.2
2025-03-24 13:19:13.151067,0.119,16.309,62.2
2025-03-24 13:19:14.170971,0.0,16.309,62.2
2025-03-24 13:19:15.191585,0.0,16.309,62.2
2025-03-24 13:19:16.212027,0.0,16.309,62.2
2025-03-24 13:19:17.232580,0.0,16.309,62.2
2025-03-24 13:19:18.252875,0.0,16.309,62.2
2025-03-24 13:19:19.273026,0.0,16.309,62.2
2025-03-24 13:19:20.292629,0.0,16.309,62.2
2025-03-24 13:19:21.311891,0.119,16.309,62.2
2025-03-24 13:19:22.333948,0.0,16.309,62.2
2025-03-24 13:19:23.355919,0.119,16.309,62.2
2025-03-24 13:19:24.376687,0.0,16.309,62.2
2025-03-24 13:19:25.399532,0.0,16.309,62.2
2025-03-24 13:19:26.420196,0.0,16.309,62.2
2025-03-24 13:19:27.439763,0.0,16.309,62.2
2025-03-24 13:19:28.460991,0.0,16.309,62.2
2025-03-24 13:19:29.481642,0.0,16.309,62.2
2025-03-24 13:19:30.501636,0.119,16.309,62.2
2025-03-24 13:19:31.523961,0.0,16.309,62.2
2025-03-24 13:19:32.544849,0.0,16.309,62.2
2025-03-24 13:19:33.565921,0.0,16.309,62.2
2025-03-24 13:19:34.586978,0.0,16.309,62.2
2025-03-24 13:19:35.608287,0.0,16.309,62.2
2025-03-24 13:19:36.628838,0.0,16.309,62.2
2025-03-24 13:19:37.650415,0.0,16.309,62.2
2025-03-24 13:19:38.671109,0.0,16.309,62.2
2025-03-24 13:19:39.690339,0.0,16.309,62.2
2025-03-24 13:19:40.711358,0.0,16.309,62.2
2025-03-24 13:19:41.736198,0.119,16.309,62.2
2025-03-24 13:19:42.758412,0.0,16.309,62.1
2025-03-24 13:19:43.778624,0.0,16.309,62.1
2025-03-24 13:19:44.799464,0.119,16.309,62.1
2025-03-24 13:19:45.819930,0.119,16.309,62.1
2025-03-24 13:19:46.840087,0.0,16.309,62.1
2025-03-24 13:19:47.862733,0.0,16.309,62.1
2025-03-24 13:19:48.883704,0.119,16.309,62.1
2025-03-24 13:19:49.904295,0.0,16.309,62.1
2025-03-24 13:19:50.929572,0.119,16.309,62.1
2025-03-24 13:19:51.951278,0.0,16.309,62.1
2025-03-24 13:19:52.972006,0.0,16.309,62.1
2025-03-24 13:19:53.992356,0.119,16.309,62.1
2025-03-24 13:19:55.012584,0.0,16.309,62.1
2025-03-24 13:19:56.034771,0.0,16.309,62.1
2025-03-24 13:19:57.056080,0.0,16.309,62.1
2025-03-24 13:19:58.076504,0.0,16.309,62.1
2025-03-24 13:19:59.096099,0.0,16.309,62.1
2025-03-24 13:20:00.116284,0.119,16.309,62.1
2025-03-24 13:20:01.137502,0.0,16.309,62.1
2025-03-24 13:20:02.158335,0.119,16.309,62.1
2025-03-24 13:20:03.179702,0.0,16.309,62.1
2025-03-24 13:20:04.200352,0.0,16.309,62.1
2025-03-24 13:20:05.222132,0.0,16.309,62.1
2025-03-24 13:20:06.243765,0.0,16.309,62.1
2025-03-24 13:20:07.263912,0.0,16.309,62.1
2025-03-24 13:20:08.284905,0.0,16.309,62.1
2025-03-24 13:20:09.307330,0.119,16.309,62.1
2025-03-24 13:20:10.327304,0.0,16.309,62.1
2025-03-24 13:20:11.347600,0.119,16.309,62.1
2025-03-24 13:20:12.368001,0.0,16.309,62.1
2025-03-24 13:20:13.389060,0.0,16.309,62.1
2025-03-24 13:20:14.408762,0.0,16.309,62.1
2025-03-24 13:20:15.432734,0.119,16.309,62.1
2025-03-24 13:20:16.454455,0.119,16.309,62.1
2025-03-24 13:20:17.475932,0.119,16.309,62.1
2025-03-24 13:20:18.496829,0.0,16.309,62.1
2025-03-24 13:20:19.517786,0.0,16.309,62.1
2025-03-24 13:20:20.537702,0.0,16.309,62.1
2025-03-24 13:20:21.558994,0.0,16.309,62.1
2025-03-24 13:20:22.579596,0.119,16.309,62.1
2025-03-24 13:20:23.599972,0.0,16.309,62.1
2025-03-24 13:20:24.620709,0.0,16.309,62.1
2025-03-24 13:20:25.641396,0.119,16.309,62.1
2025-03-24 13:20:26.662668,0.119,16.309,62.1
2025-03-24 13:20:27.686492,0.0,16.309,62.1
2025-03-24 13:20:28.711630,0.0,16.309,62.1
2025-03-24 13:20:29.732803,0.0,16.309,62.1
2025-03-24 13:20:30.752852,0.119,16.309,62.1
2025-03-24 13:20:31.774255,0.0,16.309,62.1
2025-03-24 13:20:32.794796,0.119,16.309,62.1
2025-03-24 13:20:33.815931,0.0,16.309,62.1
2025-03-24 13:20:34.835927,0.0,16.309,62.1
2025-03-24 13:20:35.857029,0.0,16.309,62.1
2025-03-24 13:20:36.877298,0.0,16.309,62.1
2025-03-24 13:20:37.898088,0.0,16.309,62.1
2025-03-24 13:20:38.918753,0.119,16.309,62.1
2025-03-24 13:20:39.939204,0.119,16.309,62.1
2025-03-24 13:20:40.959486,0.0,16.309,62.1
2025-03-24 13:20:41.985612,0.119,16.309,62.1
2025-03-24 13:20:43.006927,0.0,16.309,62.1
2025-03-24 13:20:44.027067,0.0,16.309,62.1
2025-03-24 13:20:45.048128,0.119,16.309,62.1
2025-03-24 13:20:46.069307,0.0,16.309,62.1
2025-03-24 13:20:47.090298,0.0,16.309,62.1
2025-03-24 13:20:48.112400,0.119,16.309,62.1
2025-03-24 13:20:49.133430,0.0,16.309,62.1
2025-03-24 13:20:50.153611,0.0,16.309,62.1
2025-03-24 13:20:51.174544,0.0,16.309,62.1
2025-03-24 13:20:52.196165,0.119,16.309,62.1
2025-03-24 13:20:53.217189,0.0,16.309,62.1
2025-03-24 13:20:54.237816,0.0,16.309,62.1
2025-03-24 13:20:55.258059,0.0,16.309,62.1
2025-03-24 13:20:56.279246,0.0,16.309,62.1
2025-03-24 13:20:57.299971,0.0,16.309,62.1
2025-03-24 13:20:58.322247,0.0,16.309,62.1
2025-03-24 13:20:59.343754,0.0,16.309,62.1
2025-03-24 13:21:00.364269,0.0,16.309,62.1
2025-03-24 13:21:01.385255,0.119,16.309,62.1
2025-03-24 13:21:02.410773,0.0,16.309,62.1
2025-03-24 13:21:03.431161,0.0,16.309,62.1
2025-03-24 13:21:04.451612,0.119,16.309,62.1
2025-03-24 13:21:05.472397,0.0,16.309,62.1
2025-03-24 13:21:06.496313,0.0,16.309,62.1
2025-03-24 13:21:07.517302,0.119,16.309,62.1
2025-03-24 13:21:08.539366,0.0,16.309,62.1
2025-03-24 13:21:09.560405,0.0,16.309,62.1
2025-03-24 13:21:10.582065,0.0,16.309,62.1
2025-03-24 13:21:11.604649,0.0,16.309,62.1
2025-03-24 13:21:12.627056,0.0,16.309,62.1
2025-03-24 13:21:13.647402,0.119,16.309,62.1
2025-03-24 13:21:14.667537,0.0,16.309,62.1
2025-03-24 13:21:15.691573,0.119,16.309,62.1
2025-03-24 13:21:16.713463,0.119,16.309,62.1
2025-03-24 13:21:17.734371,0.119,16.309,62.1
2025-03-24 13:21:18.760413,0.0,16.309,62.1
2025-03-24 13:21:19.781213,0.0,16.309,62.1
2025-03-24 13:21:20.802003,0.119,16.309,62.1
2025-03-24 13:21:21.824868,0.0,16.309,62.1
2025-03-24 13:21:22.847208,0.0,16.309,62.1
2025-03-24 13:21:23.868775,0.0,16.309,62.1
2025-03-24 13:21:24.890668,0.119,16.309,62.1
2025-03-24 13:21:25.912870,0.0,16.309,62.1
2025-03-24 13:21:26.933730,0.0,16.309,62.1
2025-03-24 13:21:27.956636,0.119,16.309,62.1
2025-03-24 13:21:28.978669,0.0,16.309,62.1
2025-03-24 13:21:29.999528,0.0,16.309,62.1
2025-03-24 13:21:31.020258,0.0,16.309,62.1
2025-03-24 13:21:32.040475,0.119,16.309,62.1
2025-03-24 13:21:33.063380,0.0,16.309,62.1
2025-03-24 13:21:34.085392,0.119,16.309,62.1
2025-03-24 13:21:35.108218,0.119,16.309,62.1
2025-03-24 13:21:36.129845,0.119,16.309,62.1
2025-03-24 13:21:37.151336,0.0,16.309,62.1
2025-03-24 13:21:38.171707,0.119,16.309,62.1
2025-03-24 13:21:39.193869,0.0,16.309,62.1
2025-03-24 13:21:40.215050,0.0,16.309,62.1
2025-03-24 13:21:41.237824,0.0,16.309,62.1
2025-03-24 13:21:42.258656,0.119,16.309,62.1
2025-03-24 13:21:43.279103,0.0,16.309,62.1
2025-03-24 13:21:44.301280,0.119,16.309,62.1
2025-03-24 13:21:45.323637,0.0,16.309,62.1
2025-03-24 13:21:46.345128,0.0,16.309,62.1
2025-03-24 13:21:47.366745,0.0,16.309,62.1
2025-03-24 13:21:48.387674,0.0,16.309,62.1
2025-03-24 13:21:49.408314,0.0,16.309,62.1
2025-03-24 13:21:50.432349,0.119,16.309,62.1
2025-03-24 13:21:51.454223,0.0,16.309,62.1
2025-03-24 13:21:52.475228,0.119,16.309,62.1
2025-03-24 13:21:53.496157,0.0,16.309,62.1
2025-03-24 13:21:54.516463,0.0,16.309,62.1
2025-03-24 13:21:55.536719,0.0,16.309,62.1
2025-03-24 13:21:56.557532,0.119,16.309,62.1
2025-03-24 13:21:57.577115,0.0,16.309,62.1
2025-03-24 13:21:58.599412,0.0,16.309,62.1
2025-03-24 13:21:59.620246,0.119,16.309,62.1
2025-03-24 13:22:00.642511,0.0,16.309,62.1
2025-03-24 13:22:01.663937,0.119,16.309,62.1
2025-03-24 13:22:02.685917,0.0,16.309,62.1
2025-03-24 13:22:03.707010,0.0,16.309,62.1
2025-03-24 13:22:04.728352,0.0,16.309,62.1
2025-03-24 13:22:05.748328,0.0,16.309,62.1
2025-03-24 13:22:06.771519,0.0,16.309,62.1
2025-03-24 13:22:07.792636,0.119,16.309,62.1
2025-03-24 13:22:08.814290,0.0,16.309,62.1
2025-03-24 13:22:09.836875,0.119,16.309,62.1
2025-03-24 13:22:10.858945,0.119,16.309,62.1
2025-03-24 13:22:11.881808,0.119,16.309,62.1
2025-03-24 13:22:12.904835,0.0,16.309,62.1
2025-03-24 13:22:13.926006,0.0,16.309,62.1
2025-03-24 13:22:14.949125,0.119,16.309,62.1
2025-03-24 13:22:15.971055,0.0,16.309,62.0
2025-03-24 13:22:16.992270,0.0,16.309,62.0
2025-03-24 13:22:18.014068,0.119,16.309,62.0
2025-03-24 13:22:19.035111,0.0,16.309,62.0
2025-03-24 13:22:20.055678,0.119,16.309,62.0
2025-03-24 13:22:21.078228,0.0,16.309,62.0
2025-03-24 13:22:22.100170,0.119,16.309,62.0
2025-03-24 13:22:23.122598,0.0,16.309,62.0
2025-03-24 13:22:24.144362,0.0,16.309,62.0
2025-03-24 13:22:25.165075,0.0,16.309,62.0
2025-03-24 13:22:26.186998,0.0,16.309,62.0
2025-03-24 13:22:27.209565,0.119,16.309,62.0
2025-03-24 13:22:28.231738,0.119,16.309,62.0
2025-03-24 13:22:29.253789,0.119,16.309,62.0
2025-03-24 13:22:30.274896,0.0,16.309,62.0
2025-03-24 13:22:31.296923,0.119,16.309,62.0
2025-03-24 13:22:32.319794,0.0,16.309,62.0
2025-03-24 13:22:33.341084,0.0,16.309,62.0
2025-03-24 13:22:34.362024,0.0,16.309,62.0
2025-03-24 13:22:35.382900,0.0,16.309,62.0
2025-03-24 13:22:36.515725,0.119,16.309,62.0
2025-03-24 13:22:37.538243,0.0,16.309,62.0
2025-03-24 13:22:38.559920,0.119,16.309,62.0
2025-03-24 13:22:39.582959,0.0,16.309,62.0
2025-03-24 13:22:40.603709,0.119,16.309,62.0
2025-03-24 13:22:41.626594,0.0,16.309,62.0
2025-03-24 13:22:42.647495,0.119,16.309,62.0
2025-03-24 13:22:43.669266,0.119,16.309,62.0
2025-03-24 13:22:44.689403,0.119,16.309,62.0
2025-03-24 13:22:45.711102,0.119,16.309,62.0
2025-03-24 13:22:46.732450,0.0,16.309,62.0
2025-03-24 13:22:47.754563,0.119,16.309,62.0
2025-03-24 13:22:48.776020,0.0,16.309,62.0
2025-03-24 13:22:49.797722,0.0,16.309,62.0
2025-03-24 13:22:50.819389,0.0,16.309,62.0
2025-03-24 13:22:51.841765,0.0,16.309,62.0
2025-03-24 13:22:52.864158,0.0,16.309,62.0
2025-03-24 13:22:53.885731,0.0,16.309,62.0
2025-03-24 13:22:54.906429,0.0,16.309,62.0
2025-03-24 13:22:55.931672,0.0,16.309,62.0
2025-03-24 13:22:56.954134,0.0,16.309,62.0
2025-03-24 13:22:57.975827,0.0,16.309,62.0
2025-03-24 13:22:58.997488,0.0,16.309,62.0
2025-03-24 13:23:00.018141,0.0,16.309,62.0
2025-03-24 13:23:01.047020,0.119,16.309,62.0
2025-03-24 13:23:02.068287,0.0,16.309,62.0
2025-03-24 13:23:03.093232,0.0,16.309,62.0
2025-03-24 13:23:04.114175,0.0,16.309,62.0
2025-03-24 13:23:05.135362,0.0,16.309,62.0
2025-03-24 13:23:06.157119,0.0,16.309,62.0
2025-03-24 13:23:07.177965,0.0,16.309,62.0
2025-03-24 13:23:08.199401,0.0,16.309,62.0
2025-03-24 13:23:09.221951,0.0,17.439,62.0
2025-03-24 13:23:10.243258,0.0,17.439,62.0
2025-03-24 13:23:11.266083,0.0,17.439,62.0
2025-03-24 13:23:12.289033,0.0,17.439,62.0
2025-03-24 13:23:13.312859,0.0,17.439,62.0
2025-03-24 13:23:14.334689,0.0,17.439,62.0
2025-03-24 13:23:15.358897,0.0,17.439,62.0
2025-03-24 13:23:16.381441,0.0,17.439,62.0
2025-03-24 13:23:17.404176,0.0,17.439,62.0
2025-03-24 13:23:18.427089,0.0,17.439,62.0
2025-03-24 13:23:19.448078,0.0,17.439,62.0
2025-03-24 13:23:20.469598,0.0,17.439,62.0
2025-03-24 13:23:21.491814,0.0,17.439,62.0
2025-03-24 13:23:22.514637,0.0,17.439,62.0
2025-03-24 13:23:23.536899,0.0,17.439,62.0
2025-03-24 13:23:24.559769,0.0,17.439,62.0
2025-03-24 13:23:25.581615,0.119,17.439,62.0
2025-03-24 13:23:26.604382,0.0,17.439,62.0
2025-03-24 13:23:27.626823,0.0,17.439,62.0
2025-03-24 13:23:28.649796,0.119,17.439,62.0
2025-03-24 13:23:29.670783,0.0,17.439,62.0
2025-03-24 13:23:30.695626,0.0,17.439,62.0
2025-03-24 13:23:31.718409,0.0,17.439,62.0
2025-03-24 13:23:32.740054,0.0,17.439,62.0
2025-03-24 13:23:33.762300,0.0,17.439,62.0
2025-03-24 13:23:34.783675,0.119,17.439,62.0
2025-03-24 13:23:35.806630,0.119,17.439,62.0
2025-03-24 13:23:36.828900,0.0,17.439,62.0
2025-03-24 13:23:37.851230,0.0,17.439,62.0
2025-03-24 13:23:38.873055,0.0,17.439,62.0
2025-03-24 13:23:39.894567,0.0,17.439,62.0
2025-03-24 13:23:40.916669,0.0,17.439,62.0
2025-03-24 13:23:41.938867,0.0,17.439,62.0
2025-03-24 13:23:42.961647,0.0,17.439,62.0
2025-03-24 13:23:43.982731,0.119,17.439,62.0
2025-03-24 13:23:45.005189,0.0,17.439,62.0
2025-03-24 13:23:46.027571,0.0,17.439,62.0
2025-03-24 13:23:47.050353,0.119,17.439,62.0
2025-03-24 13:23:48.073366,0.0,17.439,62.0
2025-03-24 13:23:49.095984,0.0,17.439,62.0
2025-03-24 13:23:50.116941,0.119,17.439,62.0
2025-03-24 13:23:51.139499,0.0,17.439,62.0
2025-03-24 13:23:52.162539,0.0,17.439,62.0
2025-03-24 13:23:53.183852,0.119,17.439,62.0
2025-03-24 13:23:54.207150,0.0,17.439,62.0
2025-03-24 13:23:55.228690,0.0,17.439,62.0
2025-03-24 13:23:56.251029,0.0,17.439,62.0
2025-03-24 13:23:57.275049,0.0,17.439,62.0
2025-03-24 13:23:58.297394,0.119,17.439,62.0
2025-03-24 13:23:59.320931,0.0,17.439,62.0
2025-03-24 13:24:00.342042,0.0,17.439,62.0
2025-03-24 13:24:01.364168,0.0,17.439,62.0
2025-03-24 13:24:02.386789,0.119,17.439,62.0
2025-03-24 13:24:03.408023,0.119,17.439,62.0
2025-03-24 13:24:04.430034,0.0,17.439,62.0
2025-03-24 13:24:05.454774,0.0,17.439,62.0
2025-03-24 13:24:06.477363,0.0,17.439,62.0
2025-03-24 13:24:07.499608,0.119,17.439,62.0
2025-03-24 13:24:08.522242,0.119,17.439,62.0
2025-03-24 13:24:09.543947,0.0,17.439,62.0
2025-03-24 13:24:10.566357,0.0,17.439,62.0
2025-03-24 13:24:11.589586,0.119,17.439,62.0
2025-03-24 13:24:12.614462,0.119,17.439,62.0
2025-03-24 13:24:13.637143,0.0,17.439,62.0
2025-03-24 13:24:14.658367,0.119,17.439,62.0
2025-03-24 13:24:15.680427,0.0,17.439,62.0
2025-03-24 13:24:16.701946,0.0,17.439,62.0
2025-03-24 13:24:17.726672,0.0,17.439,62.0
2025-03-24 13:24:18.750036,0.0,17.439,62.0
2025-03-24 13:24:19.772148,0.0,17.439,62.0
2025-03-24 13:24:20.792948,0.0,17.439,62.0
2025-03-24 13:24:21.816167,0.0,17.439,62.0
2025-03-24 13:24:22.838147,0.119,17.439,62.0
2025-03-24 13:24:23.862133,0.0,17.439,62.0
2025-03-24 13:24:24.884395,0.0,17.439,62.0
2025-03-24 13:24:25.907769,0.0,17.439,62.0
2025-03-24 13:24:26.929125,0.119,17.439,62.0
2025-03-24 13:24:27.951941,0.0,17.439,62.0
2025-03-24 13:24:28.974795,0.119,17.439,62.0
2025-03-24 13:24:29.995901,0.0,17.439,62.0
2025-03-24 13:24:31.018839,0.0,17.439,62.0
2025-03-24 13:24:32.043539,0.0,17.439,62.0
2025-03-24 13:24:33.066452,0.119,17.439,62.0
2025-03-24 13:24:34.091174,0.119,17.439,62.0
2025-03-24 13:24:35.114126,0.0,17.439,62.0
2025-03-24 13:24:36.140856,0.119,17.439,62.0
2025-03-24 13:24:37.162728,0.0,17.439,62.0
2025-03-24 13:24:38.190530,0.0,17.439,62.0
2025-03-24 13:24:39.212696,0.119,17.439,62.0
2025-03-24 13:24:40.234605,0.119,17.439,62.0
2025-03-24 13:24:41.257599,0.119,17.439,62.0
2025-03-24 13:24:42.281343,0.0,17.439,62.0
2025-03-24 13:24:43.303277,0.0,17.439,61.9
2025-03-24 13:24:44.326143,0.119,17.439,61.9
2025-03-24 13:24:45.347093,0.0,17.439,61.9
2025-03-24 13:24:46.370250,0.119,17.439,61.9
2025-03-24 13:24:47.392946,0.0,17.439,61.9
2025-03-24 13:24:48.416232,0.0,17.439,61.9
2025-03-24 13:24:49.439302,0.119,17.439,61.9
2025-03-24 13:24:50.461333,0.0,17.439,61.9
2025-03-24 13:24:51.488606,0.0,17.439,61.9
2025-03-24 13:24:52.509965,0.0,17.439,61.9
2025-03-24 13:24:53.533084,0.119,17.439,61.9
2025-03-24 13:24:54.554541,0.0,17.439,61.9
2025-03-24 13:24:55.576967,0.0,17.439,61.9
2025-03-24 13:24:56.598678,0.0,17.439,61.9
2025-03-24 13:24:57.620627,0.119,17.439,61.9
2025-03-24 13:24:58.644602,0.0,17.439,61.9
2025-03-24 13:24:59.667373,0.0,17.439,61.9
2025-03-24 13:25:00.690140,0.119,17.439,61.9
2025-03-24 13:25:01.717107,0.0,17.439,61.9
2025-03-24 13:25:02.739732,0.0,17.439,61.9
2025-03-24 13:25:03.762497,0.0,17.439,61.9
2025-03-24 13:25:04.785244,0.0,17.439,61.9
2025-03-24 13:25:05.806845,0.0,17.439,61.9
2025-03-24 13:25:06.829933,0.0,17.439,61.9
2025-03-24 13:25:07.856870,0.119,17.439,61.9
2025-03-24 13:25:08.881639,0.0,17.439,61.9
2025-03-24 13:25:09.903363,0.119,17.439,61.9
2025-03-24 13:25:10.926668,0.0,17.439,61.9
2025-03-24 13:25:11.949300,0.0,17.439,61.9
2025-03-24 13:25:12.971521,0.0,17.439,61.9
2025-03-24 13:25:13.995133,0.0,17.439,61.9
2025-03-24 13:25:15.017131,0.119,17.439,61.9
2025-03-24 13:25:16.047860,0.0,17.439,61.9
2025-03-24 13:25:17.070546,0.119,17.439,61.9
2025-03-24 13:25:18.094316,0.0,17.439,61.9
2025-03-24 13:25:19.117257,0.0,17.439,61.9
2025-03-24 13:25:20.140573,0.0,17.439,61.9
2025-03-24 13:25:21.163259,0.0,17.439,61.9
2025-03-24 13:25:22.188749,0.0,17.439,61.9
2025-03-24 13:25:23.212921,0.0,17.439,61.9
2025-03-24 13:25:24.236095,0.0,17.439,61.9
2025-03-24 13:25:25.257035,0.0,17.439,61.9
2025-03-24 13:25:26.278665,0.119,17.439,61.9
2025-03-24 13:25:27.302176,0.0,17.439,61.9
2025-03-24 13:25:28.325236,0.0,17.439,61.9
2025-03-24 13:25:29.347892,0.0,17.439,61.9
2025-03-24 13:25:30.370255,0.0,17.439,61.9
2025-03-24 13:25:31.393292,0.119,17.439,61.9
2025-03-24 13:25:32.416267,0.0,17.439,61.9
2025-03-24 13:25:33.439881,0.119,17.439,61.9
2025-03-24 13:25:34.462009,0.0,17.439,61.9
2025-03-24 13:25:35.483923,0.119,17.439,61.9
2025-03-24 13:25:36.510713,0.119,17.439,61.9
2025-03-24 13:25:37.534782,0.119,17.439,61.9
2025-03-24 13:25:38.561529,0.0,17.439,61.9
2025-03-24 13:25:39.585207,0.0,17.439,61.9
2025-03-24 13:25:40.609983,0.0,17.439,61.9
2025-03-24 13:25:41.632409,0.0,17.439,61.9
2025-03-24 13:25:42.659329,0.0,17.439,61.9
2025-03-24 13:25:43.682233,0.0,17.439,61.9
2025-03-24 13:25:44.704245,0.0,17.439,61.9
2025-03-24 13:25:45.728076,0.0,17.439,61.9
2025-03-24 13:25:46.755767,0.0,17.439,61.9
2025-03-24 13:25:47.779369,0.0,17.439,61.9
2025-03-24 13:25:48.803699,0.0,17.439,61.9
2025-03-24 13:25:49.827394,0.0,17.439,61.9
2025-03-24 13:25:50.850659,0.0,17.439,61.9
2025-03-24 13:25:51.874209,0.0,17.439,61.9
2025-03-24 13:25:52.899700,0.0,17.439,61.9
2025-03-24 13:25:53.923376,0.119,17.439,61.9
2025-03-24 13:25:54.945962,0.0,17.439,61.9
2025-03-24 13:25:55.974424,0.0,17.439,61.9
2025-03-24 13:25:56.997748,0.0,17.439,61.9
2025-03-24 13:25:58.022041,0.0,17.439,61.9
2025-03-24 13:25:59.046074,0.0,17.439,61.9
2025-03-24 13:26:00.070270,0.0,17.439,61.9
2025-03-24 13:26:01.093201,0.119,17.439,61.9
2025-03-24 13:26:02.116019,0.0,17.439,61.9
2025-03-24 13:26:03.143328,0.0,17.439,61.9
2025-03-24 13:26:04.166733,0.0,17.439,61.9
2025-03-24 13:26:05.191034,0.119,17.439,61.9
2025-03-24 13:26:06.214661,0.0,17.439,61.9
2025-03-24 13:26:07.239800,0.0,17.439,61.9
2025-03-24 13:26:08.262667,0.119,17.439,61.9
2025-03-24 13:26:09.288544,0.0,17.439,61.9
2025-03-24 13:26:10.312100,0.0,17.439,61.9
2025-03-24 13:26:11.335419,0.0,17.439,61.9
2025-03-24 13:26:12.360367,0.0,17.439,61.9
2025-03-24 13:26:13.383872,0.0,17.439,61.9
2025-03-24 13:26:14.407389,0.119,17.439,61.9
2025-03-24 13:26:15.431035,0.0,17.439,61.9
2025-03-24 13:26:16.458730,0.119,17.439,61.9
2025-03-24 13:26:17.483546,0.0,17.439,61.9
2025-03-24 13:26:18.507040,0.0,17.439,61.9
2025-03-24 13:26:19.531746,0.0,17.439,61.9
2025-03-24 13:26:20.554679,0.0,17.439,61.9
2025-03-24 13:26:21.579428,0.0,17.439,61.9
2025-03-24 13:26:22.603010,0.119,17.439,61.9
2025-03-24 13:26:23.628420,0.0,17.439,61.9
2025-03-24 13:26:24.651437,0.0,17.439,61.9
2025-03-24 13:26:25.676271,0.119,17.439,61.9
2025-03-24 13:26:26.699991,0.0,17.439,61.9
2025-03-24 13:26:27.724114,0.0,17.439,61.9
2025-03-24 13:26:28.748111,0.0,17.439,61.9
2025-03-24 13:26:29.771064,0.0,17.439,61.9
2025-03-24 13:26:30.796065,0.0,17.439,61.9
2025-03-24 13:26:31.825296,0.119,17.439,61.9
2025-03-24 13:26:32.848974,0.0,17.439,61.9
2025-03-24 13:26:33.872987,0.119,17.439,61.9
2025-03-24 13:26:34.895626,0.0,17.439,61.9
2025-03-24 13:26:35.918823,0.0,17.439,61.9
2025-03-24 13:26:36.943405,0.0,17.439,61.9
2025-03-24 13:26:37.966591,0.119,17.439,61.9
2025-03-24 13:26:38.989604,0.0,17.439,61.9
2025-03-24 13:26:40.013642,0.119,17.439,61.9
2025-03-24 13:26:41.038037,0.0,17.439,61.9
2025-03-24 13:26:42.066411,0.0,17.439,61.9
2025-03-24 13:26:43.089506,0.0,17.439,61.9
2025-03-24 13:26:44.113085,0.119,17.439,61.9
2025-03-24 13:26:45.136079,0.119,17.439,61.9
2025-03-24 13:26:46.160369,0.0,17.439,61.9
2025-03-24 13:26:47.184718,0.119,17.439,61.9
2025-03-24 13:26:48.209812,0.0,17.439,61.9
2025-03-24 13:26:49.233234,0.0,17.439,61.9
2025-03-24 13:26:50.257456,0.0,17.439,61.9
2025-03-24 13:26:51.281015,0.119,17.439,61.9
2025-03-24 13:26:52.305780,0.119,17.439,61.9
2025-03-24 13:26:53.334101,0.0,17.439,61.9
2025-03-24 13:26:54.360066,0.0,17.439,61.9
2025-03-24 13:26:55.384638,0.119,17.439,61.9
2025-03-24 13:26:56.407255,0.0,17.439,61.9
2025-03-24 13:26:57.430595,0.0,17.439,61.9
2025-03-24 13:26:58.454058,0.119,17.439,61.9
2025-03-24 13:26:59.478263,0.0,17.439,61.9
2025-03-24 13:27:00.501465,0.0,17.439,61.9
2025-03-24 13:27:01.525422,0.0,17.439,61.9
2025-03-24 13:27:02.554750,0.0,17.439,61.9
2025-03-24 13:27:03.579060,0.0,17.439,61.9
2025-03-24 13:27:04.603157,0.119,17.439,61.9
2025-03-24 13:27:05.626535,0.0,17.439,61.9
2025-03-24 13:27:06.649599,0.0,17.439,61.9
2025-03-24 13:27:07.674437,0.0,17.439,61.8
2025-03-24 13:27:08.698500,0.0,17.439,61.8
2025-03-24 13:27:09.723235,0.0,17.439,61.8
2025-03-24 13:27:10.746640,0.0,17.439,61.8
2025-03-24 13:27:11.770527,0.0,17.439,61.8
2025-03-24 13:27:12.796173,0.0,17.439,61.8
2025-03-24 13:27:13.819871,0.119,17.439,61.8
2025-03-24 13:27:14.844281,0.0,17.439,61.8
2025-03-24 13:27:15.872795,0.0,17.439,61.8
2025-03-24 13:27:16.898879,0.119,17.439,61.8
2025-03-24 13:27:17.922039,0.0,17.439,61.8
2025-03-24 13:27:18.952128,0.119,17.439,61.8
2025-03-24 13:27:19.975277,0.0,17.439,61.8
2025-03-24 13:27:20.999181,0.119,17.439,61.8
2025-03-24 13:27:22.022652,0.0,17.439,61.8
2025-03-24 13:27:23.047701,0.0,17.439,61.8
2025-03-24 13:27:24.071306,0.0,17.439,61.8
2025-03-24 13:27:25.094903,0.0,17.439,61.8
2025-03-24 13:27:26.119388,0.0,17.439,61.8
2025-03-24 13:27:27.143089,0.119,17.439,61.8
2025-03-24 13:27:28.168653,0.0,17.439,61.8
2025-03-24 13:27:29.192872,0.0,17.439,61.8
2025-03-24 13:27:30.216338,0.119,17.439,61.8
2025-03-24 13:27:31.241517,0.0,17.439,61.8
2025-03-24 13:27:32.264850,0.0,17.439,61.8
2025-03-24 13:27:33.287484,0.0,17.439,61.8
2025-03-24 13:27:34.315724,0.119,17.439,61.8
2025-03-24 13:27:35.338359,0.0,17.439,61.8
2025-03-24 13:27:36.362474,0.0,17.439,61.8
2025-03-24 13:27:37.384765,0.119,17.439,61.8
2025-03-24 13:27:38.409039,0.0,17.439,61.8
2025-03-24 13:27:39.432479,0.0,17.439,61.8
2025-03-24 13:27:40.455988,0.0,17.439,61.8
2025-03-24 13:27:41.479881,0.0,17.439,61.8
2025-03-24 13:27:42.508039,0.0,17.439,61.8
2025-03-24 13:27:43.532548,0.0,17.439,61.8
2025-03-24 13:27:44.557202,0.0,17.439,61.8
2025-03-24 13:27:45.580503,0.0,17.439,61.8
2025-03-24 13:27:46.605044,0.0,17.439,61.8
2025-03-24 13:27:47.633388,0.0,17.439,61.8
2025-03-24 13:27:48.657722,0.0,17.439,61.8
2025-03-24 13:27:49.681453,0.0,17.439,61.8
2025-03-24 13:27:50.703642,0.0,17.439,61.8
2025-03-24 13:27:51.729708,0.0,17.439,61.8
2025-03-24 13:27:52.753889,0.0,17.439,61.8
2025-03-24 13:27:53.778567,0.0,17.439,61.8
2025-03-24 13:27:54.804605,0.0,17.439,61.8
2025-03-24 13:27:55.827701,0.0,17.439,61.8
2025-03-24 13:27:56.852552,0.119,17.439,61.8
2025-03-24 13:27:57.877174,0.119,17.439,61.8
2025-03-24 13:27:58.901786,0.0,17.439,61.8
2025-03-24 13:27:59.928247,0.0,17.439,61.8
2025-03-24 13:28:00.956630,0.119,17.439,61.8
2025-03-24 13:28:01.981169,0.0,17.439,61.8
2025-03-24 13:28:03.009294,0.0,17.439,61.8
2025-03-24 13:28:04.033284,0.0,19.136,61.8
2025-03-24 13:28:05.055899,0.0,19.136,61.8
2025-03-24 13:28:06.080213,0.119,19.136,61.8
2025-03-24 13:28:07.104145,0.119,19.136,61.8
2025-03-24 13:28:08.128118,0.0,19.136,61.8
2025-03-24 13:28:09.152178,0.119,19.136,61.8
2025-03-24 13:28:10.175151,0.0,19.136,61.8
2025-03-24 13:28:11.200876,0.0,19.136,61.8
2025-03-24 13:28:12.225412,0.0,19.136,61.8
2025-03-24 13:28:13.250310,0.0,19.136,61.8
2025-03-24 13:28:14.274935,0.0,19.136,61.8
2025-03-24 13:28:15.298852,0.0,19.136,61.8
2025-03-24 13:28:16.328240,0.119,19.136,61.8
2025-03-24 13:28:17.352054,0.0,19.136,61.8
2025-03-24 13:28:18.377722,0.119,19.136,61.8
2025-03-24 13:28:19.402285,0.119,19.136,61.8
2025-03-24 13:28:20.427638,0.119,19.136,61.8
2025-03-24 13:28:21.452783,0.0,19.136,61.8
2025-03-24 13:28:22.476861,0.0,19.136,61.8
2025-03-24 13:28:23.502171,0.119,19.136,61.8
2025-03-24 13:28:24.527117,0.0,19.136,61.8
2025-03-24 13:28:25.550081,0.0,19.136,61.8
2025-03-24 13:28:26.575230,0.0,19.136,61.8
2025-03-24 13:28:27.599518,0.0,19.136,61.8
2025-03-24 13:28:28.623984,0.119,19.136,61.8
2025-03-24 13:28:29.649368,0.0,19.136,61.8
2025-03-24 13:28:30.674617,0.0,19.136,61.8
2025-03-24 13:28:31.698984,0.0,19.136,61.8
2025-03-24 13:28:32.726349,0.0,19.136,61.8
2025-03-24 13:28:33.751041,0.119,19.136,61.8
2025-03-24 13:28:34.775517,0.0,19.136,61.8
2025-03-24 13:28:35.799482,0.0,19.136,61.8
2025-03-24 13:28:36.829133,0.0,19.136,61.8
2025-03-24 13:28:37.857771,0.0,19.136,61.8
2025-03-24 13:28:38.882922,0.0,19.136,61.8
2025-03-24 13:28:39.907692,0.119,19.136,61.8
2025-03-24 13:28:40.932981,0.0,19.136,61.8
2025-03-24 13:28:41.959844,0.0,19.136,61.8
2025-03-24 13:28:42.984829,0.0,19.136,61.8
2025-03-24 13:28:44.009630,0.0,19.136,61.8
2025-03-24 13:28:45.033523,0.119,19.136,61.8
2025-03-24 13:28:46.059211,0.0,19.136,61.8
2025-03-24 13:28:47.092694,0.119,19.136,61.8
2025-03-24 13:28:48.117780,0.0,19.136,61.8
2025-03-24 13:28:49.145718,0.0,19.136,61.8
2025-03-24 13:28:50.169285,0.0,19.136,61.8
2025-03-24 13:28:51.193605,0.0,19.136,61.8
2025-03-24 13:28:52.217638,0.0,19.136,61.8
2025-03-24 13:28:53.244096,0.0,19.136,61.8
2025-03-24 13:28:54.268174,0.119,19.136,61.8
2025-03-24 13:28:55.292044,0.119,19.136,61.8
2025-03-24 13:28:56.315817,0.0,19.136,61.8
2025-03-24 13:28:57.339140,0.0,19.136,61.8
2025-03-24 13:28:58.362192,0.0,19.136,61.8
2025-03-24 13:28:59.386366,0.119,19.136,61.8
2025-03-24 13:29:00.410375,0.0,19.136,61.8
2025-03-24 13:29:01.438059,0.0,19.136,61.8
2025-03-24 13:29:02.466307,0.0,19.136,61.8
2025-03-24 13:29:03.491097,0.0,19.136,61.8
2025-03-24 13:29:04.517681,0.0,19.136,61.8
2025-03-24 13:29:05.541525,0.0,19.136,61.8
2025-03-24 13:29:06.565929,0.119,19.136,61.8
2025-03-24 13:29:07.590143,0.119,19.136,61.8
2025-03-24 13:29:08.613829,0.0,19.136,61.8
2025-03-24 13:29:09.638080,0.0,19.136,61.8
2025-03-24 13:29:10.662206,0.0,19.136,61.8
2025-03-24 13:29:11.691996,0.119,19.136,61.8
2025-03-24 13:29:12.716793,0.0,19.136,61.8
2025-03-24 13:29:13.741609,0.0,19.136,61.8
2025-03-24 13:29:14.765577,0.0,19.136,61.8
2025-03-24 13:29:15.791314,0.119,19.136,61.8
2025-03-24 13:29:16.816860,0.0,19.136,61.8
2025-03-24 13:29:17.841217,0.0,19.136,61.8
2025-03-24 13:29:18.866904,0.0,19.136,61.8
2025-03-24 13:29:19.892187,0.0,19.136,61.8
2025-03-24 13:29:20.917124,0.119,19.136,61.8
2025-03-24 13:29:21.941937,0.0,19.136,61.8
2025-03-24 13:29:22.967042,0.0,19.136,61.8
2025-03-24 13:29:23.992731,0.0,19.136,61.7
2025-03-24 13:29:25.017128,0.0,19.136,61.7
2025-03-24 13:29:26.040757,0.119,19.136,61.7
2025-03-24 13:29:27.066725,0.0,19.136,61.7
2025-03-24 13:29:28.091029,0.0,19.136,61.7
2025-03-24 13:29:29.116850,0.0,19.136,61.7
2025-03-24 13:29:30.141323,0.0,19.136,61.7
2025-03-24 13:29:31.168788,0.0,19.136,61.7
2025-03-24 13:29:32.194601,0.0,19.136,61.7
2025-03-24 13:29:33.218891,0.0,19.136,61.7
2025-03-24 13:29:34.244933,0.0,19.136,61.7
2025-03-24 13:29:35.269984,0.119,19.136,61.7
2025-03-24 13:29:36.294594,0.0,19.136,61.7
2025-03-24 13:29:37.319921,0.0,19.136,61.7
2025-03-24 13:29:38.344265,0.0,19.136,61.7
2025-03-24 13:29:39.368795,0.119,19.136,61.7
2025-03-24 13:29:40.393572,0.0,19.136,61.7
2025-03-24 13:29:41.420026,0.0,19.136,61.7
2025-03-24 13:29:42.444386,0.119,19.136,61.7
2025-03-24 13:29:43.470862,0.0,19.136,61.7
2025-03-24 13:29:44.501478,0.0,19.136,61.7
2025-03-24 13:29:45.526862,0.119,19.136,61.7
2025-03-24 13:29:46.551386,0.0,19.136,61.7
2025-03-24 13:29:47.575671,0.119,19.136,61.7
2025-03-24 13:29:48.600373,0.0,19.136,61.7
2025-03-24 13:29:49.627874,0.119,19.136,61.7
2025-03-24 13:29:50.652718,0.0,19.136,61.7
2025-03-24 13:29:51.680767,0.0,19.136,61.7
2025-03-24 13:29:52.712444,0.119,19.136,61.7
2025-03-24 13:29:53.736925,0.119,19.136,61.7
2025-03-24 13:29:54.763838,0.0,19.136,61.7
2025-03-24 13:29:55.792944,0.119,19.136,61.7
2025-03-24 13:29:56.817857,0.119,19.136,61.7
2025-03-24 13:29:57.843034,0.0,19.136,61.7
2025-03-24 13:29:58.868481,0.119,19.136,61.7
2025-03-24 13:29:59.893141,0.0,19.136,61.7
2025-03-24 13:30:00.918166,0.0,19.136,61.7
2025-03-24 13:30:01.944596,0.119,19.136,61.7
2025-03-24 13:30:02.971749,0.0,19.136,61.7
2025-03-24 13:30:03.996533,0.0,19.136,61.7
2025-03-24 13:30:05.023294,0.0,19.136,61.7
2025-03-24 13:30:06.049327,0.0,19.136,61.7
2025-03-24 13:30:07.075642,0.119,19.136,61.7
2025-03-24 13:30:08.100842,0.0,19.136,61.7
2025-03-24 13:30:09.126736,0.119,19.136,61.7
2025-03-24 13:30:10.151020,0.119,19.136,61.7
2025-03-24 13:30:11.176355,0.0,19.136,61.7
2025-03-24 13:30:12.202779,0.119,19.136,61.7
2025-03-24 13:30:13.229561,0.0,19.136,61.7
2025-03-24 13:30:14.254093,0.0,19.136,61.7
2025-03-24 13:30:15.278292,0.0,19.136,61.7
2025-03-24 13:30:16.303738,0.0,19.136,61.7
2025-03-24 13:30:17.329731,0.119,19.136,61.7
2025-03-24 13:30:18.355393,0.0,19.136,61.7
2025-03-24 13:30:19.381334,0.0,19.136,61.7
2025-03-24 13:30:20.407013,0.0,19.136,61.7
2025-03-24 13:30:21.432696,0.119,19.136,61.7
2025-03-24 13:30:22.458249,0.0,19.136,61.7
2025-03-24 13:30:23.483420,0.0,19.136,61.7
2025-03-24 13:30:24.510820,0.119,19.136,61.7
2025-03-24 13:30:25.535550,0.0,19.136,61.7
2025-03-24 13:30:26.567062,0.0,19.136,61.7
2025-03-24 13:30:27.593175,0.0,19.136,61.7
2025-03-24 13:30:28.617738,0.119,19.136,61.7
2025-03-24 13:30:29.643370,0.0,19.136,61.7
2025-03-24 13:30:30.667917,0.0,19.136,61.7
2025-03-24 13:30:31.693834,0.0,19.136,61.7
2025-03-24 13:30:32.719251,0.0,19.136,61.7
2025-03-24 13:30:33.744542,0.0,19.136,61.7
2025-03-24 13:30:34.769089,0.0,19.136,61.7
2025-03-24 13:30:35.794619,0.0,19.136,61.7
2025-03-24 13:30:36.818370,0.119,19.136,61.7
2025-03-24 13:30:37.844744,0.0,19.136,61.7
2025-03-24 13:30:38.870432,0.0,19.136,61.7
2025-03-24 13:30:39.895939,0.0,19.136,61.7
2025-03-24 13:30:40.921671,0.0,19.136,61.7
2025-03-24 13:30:41.950984,0.119,19.136,61.7
2025-03-24 13:30:42.976093,0.119,19.136,61.7
2025-03-24 13:30:44.000300,0.0,19.136,61.7
2025-03-24 13:30:45.029745,0.0,19.136,61.7
2025-03-24 13:30:46.055271,0.0,19.136,61.7
2025-03-24 13:30:47.082586,0.0,19.136,61.7
2025-03-24 13:30:48.108721,0.119,19.136,61.7
2025-03-24 13:30:49.136325,0.0,19.136,61.7
2025-03-24 13:30:50.161644,0.0,19.136,61.7
2025-03-24 13:30:51.187049,0.0,19.136,61.7
2025-03-24 13:30:52.213535,0.0,19.136,61.7
2025-03-24 13:30:53.239606,0.119,19.136,61.7
2025-03-24 13:30:54.264330,0.0,19.136,61.7
2025-03-24 13:30:55.288690,0.0,19.136,61.7
2025-03-24 13:30:56.314089,0.0,19.136,61.7
2025-03-24 13:30:57.339774,0.0,19.136,61.7
2025-03-24 13:30:58.365019,0.119,19.136,61.7
2025-03-24 13:30:59.391585,0.0,19.136,61.7
2025-03-24 13:31:00.417346,0.0,19.136,61.7
2025-03-24 13:31:01.443093,0.0,19.136,61.7
2025-03-24 13:31:02.468672,0.0,19.136,61.7
2025-03-24 13:31:03.494466,0.119,19.136,61.7
2025-03-24 13:31:04.520905,0.119,19.136,61.7
2025-03-24 13:31:05.545586,0.0,19.136,61.7
2025-03-24 13:31:06.570502,0.119,19.136,61.7
2025-03-24 13:31:07.596314,0.0,19.136,61.7
2025-03-24 13:31:08.621861,0.0,19.136,61.7
2025-03-24 13:31:09.645546,0.0,19.136,61.7
2025-03-24 13:31:10.671583,0.0,19.136,61.7
2025-03-24 13:31:11.697499,0.0,19.136,61.7
2025-03-24 13:31:12.722796,0.119,19.136,61.7
2025-03-24 13:31:13.748150,0.0,19.136,61.7
2025-03-24 13:31:14.774741,0.119,19.136,61.7
2025-03-24 13:31:15.806207,0.119,19.136,61.7
2025-03-24 13:31:16.833378,0.0,19.136,61.7
2025-03-24 13:31:17.859718,0.0,19.136,61.7
2025-03-24 13:31:18.885268,0.0,19.136,61.7
2025-03-24 13:31:19.910765,0.0,19.136,61.7
2025-03-24 13:31:20.936620,0.0,19.136,61.7
2025-03-24 13:31:21.965947,0.119,19.136,61.7
2025-03-24 13:31:22.991489,0.0,19.136,61.7
2025-03-24 13:31:24.017924,0.119,19.136,61.7
2025-03-24 13:31:25.043714,0.0,19.136,61.7
2025-03-24 13:31:26.069573,0.0,19.136,61.7
2025-03-24 13:31:27.095352,0.0,19.136,61.7
2025-03-24 13:31:28.121267,0.0,19.136,61.7
2025-03-24 13:31:29.146569,0.0,19.136,61.7
2025-03-24 13:31:30.172551,0.0,19.136,61.7
2025-03-24 13:31:31.196888,0.0,19.136,61.7
2025-03-24 13:31:32.221647,0.119,19.136,61.7
2025-03-24 13:31:33.246788,0.0,19.136,61.7
2025-03-24 13:31:34.272551,0.0,19.136,61.7
2025-03-24 13:31:35.298799,0.0,19.136,61.6
2025-03-24 13:31:36.324111,0.0,19.136,61.6
2025-03-24 13:31:37.349087,0.0,19.136,61.6
2025-03-24 13:31:38.375866,0.0,19.136,61.6
2025-03-24 13:31:39.401129,0.0,19.136,61.6
2025-03-24 13:31:40.426410,0.0,19.136,61.6
2025-03-24 13:31:41.451896,0.0,19.136,61.6
2025-03-24 13:31:42.477286,0.0,19.136,61.6
2025-03-24 13:31:43.502361,0.0,19.136,61.6
2025-03-24 13:31:44.528632,0.0,19.136,61.6
2025-03-24 13:31:45.553991,0.0,19.136,61.6
2025-03-24 13:31:46.579867,0.0,19.136,61.6
2025-03-24 13:31:47.605593,0.0,19.136,61.6
2025-03-24 13:31:48.630567,0.0,19.136,61.6
2025-03-24 13:31:49.656837,0.0,19.136,61.6
2025-03-24 13:31:50.682630,0.0,19.136,61.6
2025-03-24 13:31:51.708724,0.0,19.136,61.6
2025-03-24 13:31:52.736378,0.0,19.136,61.6
2025-03-24 13:31:53.761430,0.119,19.136,61.6
2025-03-24 13:31:54.786104,0.119,19.136,61.6
2025-03-24 13:31:55.812168,0.0,19.136,61.6
2025-03-24 13:31:56.837532,0.0,19.136,61.6
2025-03-24 13:31:57.863857,0.0,19.136,61.6
2025-03-24 13:31:58.890637,0.0,19.136,61.6
2025-03-24 13:31:59.916503,0.0,19.136,61.6
2025-03-24 13:32:00.942041,0.0,19.136,61.6
2025-03-24 13:32:01.969374,0.119,19.136,61.6
2025-03-24 13:32:02.993961,0.0,19.136,61.6
2025-03-24 13:32:04.019546,0.0,19.136,61.6
2025-03-24 13:32:05.045414,0.0,19.136,61.6
2025-03-24 13:32:06.074182,0.119,19.136,61.6
2025-03-24 13:32:07.101126,0.119,19.136,61.6
2025-03-24 13:32:08.126750,0.119,19.136,61.6
2025-03-24 13:32:09.154273,0.0,19.136,61.6
2025-03-24 13:32:10.181372,0.0,19.136,61.6
2025-03-24 13:32:11.208520,0.0,19.136,61.6
2025-03-24 13:32:12.234438,0.119,19.136,61.6
2025-03-24 13:32:13.260838,0.0,19.136,61.6
2025-03-24 13:32:14.288339,0.119,19.136,61.6
2025-03-24 13:32:15.315063,0.0,19.136,61.6
2025-03-24 13:32:16.341146,0.0,19.136,61.6
2025-03-24 13:32:17.367062,0.119,19.136,61.6
2025-03-24 13:32:18.393923,0.0,19.136,61.6
2025-03-24 13:32:19.420849,0.0,19.136,61.6
2025-03-24 13:32:20.446279,0.0,19.136,61.6
2025-03-24 13:32:21.473310,0.0,19.136,61.6
2025-03-24 13:32:22.504678,0.0,19.136,61.6
2025-03-24 13:32:23.530376,0.119,19.136,61.6
2025-03-24 13:32:24.557582,0.0,19.136,61.6
2025-03-24 13:32:25.584048,0.119,19.136,61.6
2025-03-24 13:32:26.608604,0.0,19.136,61.6
2025-03-24 13:32:27.634232,0.0,19.136,61.6
2025-03-24 13:32:28.660357,0.0,19.136,61.6
2025-03-24 13:32:29.686593,0.119,19.136,61.6
2025-03-24 13:32:30.713597,0.119,19.136,61.6
2025-03-24 13:32:31.739909,0.0,19.136,61.6
2025-03-24 13:32:32.766451,0.0,19.136,61.6
2025-03-24 13:32:33.793943,0.119,19.136,61.6
2025-03-24 13:32:34.819575,0.0,19.136,61.6
2025-03-24 13:32:35.845409,0.0,19.136,61.6
2025-03-24 13:32:36.871486,0.119,19.136,61.6
2025-03-24 13:32:37.897339,0.119,19.136,61.6
2025-03-24 13:32:38.924008,0.0,19.136,61.6
2025-03-24 13:32:39.950701,0.0,19.136,61.6
2025-03-24 13:32:40.975847,0.0,19.136,61.6
2025-03-24 13:32:42.002192,0.0,19.136,61.6
2025-03-24 13:32:43.029180,0.119,19.136,61.6
2025-03-24 13:32:44.055722,0.0,19.136,61.6
2025-03-24 13:32:45.081936,0.0,19.136,61.6
2025-03-24 13:32:46.108681,0.0,19.136,61.6
2025-03-24 13:32:47.140612,0.0,19.136,61.6
2025-03-24 13:32:48.167865,0.0,19.136,61.6
2025-03-24 13:32:49.193434,0.119,19.136,61.6
2025-03-24 13:32:50.222073,0.0,19.136,61.6
2025-03-24 13:32:51.248463,0.0,19.136,61.6
2025-03-24 13:32:52.275276,0.119,19.136,61.6
2025-03-24 13:32:53.303170,0.0,19.136,61.6
2025-03-24 13:32:54.328281,0.119,19.136,61.6
2025-03-24 13:32:55.353577,0.119,19.136,61.6
2025-03-24 13:32:56.379268,0.0,19.136,61.6
2025-03-24 13:32:57.404546,0.119,19.136,61.6
2025-03-24 13:32:58.431668,0.0,19.136,61.6
2025-03-24 13:32:59.459101,0.0,18.76,61.6
2025-03-24 13:33:00.485607,0.0,18.76,61.6
2025-03-24 13:33:01.511599,0.0,18.76,61.6
2025-03-24 13:33:02.540285,0.0,18.76,61.6
2025-03-24 13:33:03.567284,0.0,18.76,61.6
2025-03-24 13:33:04.594028,0.0,18.76,61.6
2025-03-24 13:33:05.618331,0.0,18.76,61.6
2025-03-24 13:33:06.644241,0.0,18.76,61.6
2025-03-24 13:33:07.670956,0.119,18.76,61.6
2025-03-24 13:33:08.697004,0.0,18.76,61.6
2025-03-24 13:33:09.723747,0.0,18.76,61.6
2025-03-24 13:33:10.749619,0.0,18.76,61.6
2025-03-24 13:33:11.781178,0.119,18.76,61.6
2025-03-24 13:33:12.807007,0.0,18.76,61.6
2025-03-24 13:33:13.835310,0.0,18.76,61.6
2025-03-24 13:33:14.861064,0.0,18.76,61.6
2025-03-24 13:33:15.886916,0.0,18.76,61.6
2025-03-24 13:33:16.914493,0.0,18.76,61.6
2025-03-24 13:33:17.939527,0.0,18.76,61.6
2025-03-24 13:33:18.965340,0.0,18.76,61.6
2025-03-24 13:33:19.995616,0.0,18.76,61.6
2025-03-24 13:33:21.021398,0.0,18.76,61.6
2025-03-24 13:33:22.047956,0.0,18.76,61.6
2025-03-24 13:33:23.073617,0.0,18.76,61.6
2025-03-24 13:33:24.109177,0.0,18.76,61.6
2025-03-24 13:33:25.136239,0.0,18.76,61.6
2025-03-24 13:33:26.161499,0.0,18.76,61.6
2025-03-24 13:33:27.188363,0.119,18.76,61.6
2025-03-24 13:33:28.235214,0.0,18.76,61.6
2025-03-24 13:33:29.263238,0.0,18.76,61.6
2025-03-24 13:33:30.289424,0.0,18.76,61.6
2025-03-24 13:33:31.315917,0.119,18.76,61.6
2025-03-24 13:33:32.342092,0.0,18.76,61.6
2025-03-24 13:33:33.369324,0.0,18.76,61.6
2025-03-24 13:33:34.394961,0.0,18.76,61.6
2025-03-24 13:33:35.420735,0.0,18.76,61.6
2025-03-24 13:33:36.447897,0.0,18.76,61.6
2025-03-24 13:33:37.474893,0.0,18.76,61.6
2025-03-24 13:33:38.505844,0.0,18.76,61.6
2025-03-24 13:33:39.533477,0.119,18.76,61.6
2025-03-24 13:33:40.569008,0.0,18.76,61.6
2025-03-24 13:33:41.596002,0.0,18.76,61.6
2025-03-24 13:33:42.622169,0.119,18.76,61.6
2025-03-24 13:33:43.648253,0.0,18.76,61.6
2025-03-24 13:33:44.674936,0.0,18.76,61.6
2025-03-24 13:33:45.700377,0.0,18.76,61.6
2025-03-24 13:33:46.728222,0.0,18.76,61.6
2025-03-24 13:33:47.758653,0.119,18.76,61.5
2025-03-24 13:33:48.784842,0.119,18.76,61.5
2025-03-24 13:33:49.816027,0.0,18.76,61.5
2025-03-24 13:33:50.841700,0.0,18.76,61.5
2025-03-24 13:33:51.870456,0.119,18.76,61.5
2025-03-24 13:33:52.899669,0.119,18.76,61.5
2025-03-24 13:33:53.926324,0.0,18.76,61.5
2025-03-24 13:33:54.952651,0.0,18.76,61.5
2025-03-24 13:33:55.979445,0.119,18.76,61.5
2025-03-24 13:33:57.005826,0.119,18.76,61.5
2025-03-24 13:33:58.033051,0.0,18.76,61.5
2025-03-24 13:33:59.060988,0.0,18.76,61.5
2025-03-24 13:34:00.089396,0.0,18.76,61.5
2025-03-24 13:34:01.115376,0.119,18.76,61.5
2025-03-24 13:34:02.141518,0.119,18.76,61.5
2025-03-24 13:34:03.169145,0.119,18.76,61.5
2025-03-24 13:34:04.196885,0.0,18.76,61.5
2025-03-24 13:34:05.223735,0.0,18.76,61.5
2025-03-24 13:34:06.249630,0.0,18.76,61.5
2025-03-24 13:34:07.275171,0.0,18.76,61.5
2025-03-24 13:34:08.301257,0.119,18.76,61.5
2025-03-24 13:34:09.328883,0.0,18.76,61.5
2025-03-24 13:34:10.355762,0.0,18.76,61.5
2025-03-24 13:34:11.381238,0.0,18.76,61.5
2025-03-24 13:34:12.409640,0.119,18.76,61.5
2025-03-24 13:34:13.436034,0.0,18.76,61.5
2025-03-24 13:34:14.462829,0.119,18.76,61.5
2025-03-24 13:34:15.495009,0.0,18.76,61.5
2025-03-24 13:34:16.523126,0.119,18.76,61.5
2025-03-24 13:34:17.550501,0.119,18.76,61.5
2025-03-24 13:34:18.576790,0.119,18.76,61.5
2025-03-24 13:34:19.604544,0.0,18.76,61.5
2025-03-24 13:34:20.631018,0.119,18.76,61.5
2025-03-24 13:34:21.658255,0.119,18.76,61.5
2025-03-24 13:34:22.683667,0.0,18.76,61.5
2025-03-24 13:34:23.712612,0.0,18.76,61.5
2025-03-24 13:34:24.739137,0.119,18.76,61.5
2025-03-24 13:34:25.765686,0.0,18.76,61.5
2025-03-24 13:34:26.792722,0.0,18.76,61.5
2025-03-24 13:34:27.820575,0.0,18.76,61.5
2025-03-24 13:34:28.848797,0.0,18.76,61.5
2025-03-24 13:34:29.875984,0.0,18.76,61.5
2025-03-24 13:34:30.904348,0.0,18.76,61.5
2025-03-24 13:34:31.931917,0.0,18.76,61.5
2025-03-24 13:34:32.957266,0.0,18.76,61.5
2025-03-24 13:34:34.000745,0.0,18.76,61.5
2025-03-24 13:34:35.029188,0.0,18.76,61.5
2025-03-24 13:34:36.057243,0.0,18.76,61.5
2025-03-24 13:34:37.084427,0.0,18.76,61.5
2025-03-24 13:34:38.110144,0.0,18.76,61.5
2025-03-24 13:34:39.137820,0.119,18.76,61.5
2025-03-24 13:34:40.166733,0.0,18.76,61.5
2025-03-24 13:34:41.193718,0.0,18.76,61.5
2025-03-24 13:34:42.221053,0.119,18.76,61.5
2025-03-24 13:34:43.249391,0.0,18.76,61.5
2025-03-24 13:34:44.278904,0.119,18.76,61.5
2025-03-24 13:34:45.305520,0.0,18.76,61.5
2025-03-24 13:34:46.332634,0.0,18.76,61.5
2025-03-24 13:34:47.359447,0.119,18.76,61.5
2025-03-24 13:34:48.385471,0.0,18.76,61.5
2025-03-24 13:34:49.410989,0.0,18.76,61.5
2025-03-24 13:34:50.438933,0.0,18.76,61.5
2025-03-24 13:34:51.466155,0.0,18.76,61.5
2025-03-24 13:34:52.494022,0.0,18.76,61.5
2025-03-24 13:34:53.521535,0.0,18.76,61.5
2025-03-24 13:34:54.547580,0.0,18.76,61.5
2025-03-24 13:34:55.576178,0.0,18.76,61.5
2025-03-24 13:34:56.613462,0.0,18.76,61.5
2025-03-24 13:34:57.641216,0.0,18.76,61.5
2025-03-24 13:34:58.668283,0.0,18.76,61.5
2025-03-24 13:34:59.695455,0.119,18.76,61.5
2025-03-24 13:35:00.722445,0.0,18.76,61.5
2025-03-24 13:35:01.750206,0.119,18.76,61.5
2025-03-24 13:35:02.777498,0.119,18.76,61.5
2025-03-24 13:35:03.806305,0.0,18.76,61.5
2025-03-24 13:35:04.833237,0.0,18.76,61.5
2025-03-24 13:35:05.859109,0.0,18.76,61.5
2025-03-24 13:35:06.892778,0.0,18.76,61.5
2025-03-24 13:35:07.920023,0.119,18.76,61.5
2025-03-24 13:35:08.946539,0.119,18.76,61.5
2025-03-24 13:35:09.978089,0.0,18.76,61.5
2025-03-24 13:35:11.007055,0.0,18.76,61.5
2025-03-24 13:35:12.033271,0.119,18.76,61.5
2025-03-24 13:35:13.059766,0.119,18.76,61.5
2025-03-24 13:35:14.089132,0.0,18.76,61.5
2025-03-24 13:35:15.115651,0.0,18.76,61.5
2025-03-24 13:35:16.142267,0.119,18.76,61.5
2025-03-24 13:35:17.168700,0.119,18.76,61.5
2025-03-24 13:35:18.196237,0.0,18.76,61.5
2025-03-24 13:35:19.223340,0.119,18.76,61.5
2025-03-24 13:35:20.249920,0.0,18.76,61.5
2025-03-24 13:35:21.276584,0.119,18.76,61.5
2025-03-24 13:35:22.304904,0.0,18.76,61.5
2025-03-24 13:35:23.331623,0.119,18.76,61.5
2025-03-24 13:35:24.359728,0.0,18.76,61.5
2025-03-24 13:35:25.387639,0.0,18.76,61.5
2025-03-24 13:35:26.415255,0.0,18.76,61.5
2025-03-24 13:35:27.444582,0.0,18.76,61.5
2025-03-24 13:35:28.471293,0.0,18.76,61.5
2025-03-24 13:35:29.499216,0.119,18.76,61.5
2025-03-24 13:35:30.526745,0.119,18.76,61.5
2025-03-24 13:35:31.552284,0.119,18.76,61.5
2025-03-24 13:35:32.581179,0.0,18.76,61.5
2025-03-24 13:35:33.608720,0.0,18.76,61.5
2025-03-24 13:35:34.636735,0.119,18.76,61.5
2025-03-24 13:35:35.662380,0.119,18.76,61.5
2025-03-24 13:35:36.688382,0.0,18.76,61.5
2025-03-24 13:35:37.716189,0.0,18.76,61.5
2025-03-24 13:35:38.743361,0.0,18.76,61.5
2025-03-24 13:35:39.772109,0.119,18.76,61.5
2025-03-24 13:35:40.798447,0.0,18.76,61.5
2025-03-24 13:35:41.825763,0.0,18.76,61.5
2025-03-24 13:35:42.852736,0.0,18.76,61.5
2025-03-24 13:35:43.880734,0.0,18.76,61.5
2025-03-24 13:35:44.907727,0.0,18.76,61.5
2025-03-24 13:35:45.933492,0.0,18.76,61.5
2025-03-24 13:35:46.961595,0.119,18.76,61.5
2025-03-24 13:35:47.988828,0.0,18.76,61.5
2025-03-24 13:35:49.016846,0.119,18.76,61.5
2025-03-24 13:35:50.045283,0.0,18.76,61.5
2025-03-24 13:35:51.076567,0.119,18.76,61.5
2025-03-24 13:35:52.107183,0.0,18.76,61.5
2025-03-24 13:35:53.134099,0.119,18.76,61.5
2025-03-24 13:35:54.161597,0.0,18.76,61.5
2025-03-24 13:35:55.189544,0.0,18.76,61.5
2025-03-24 13:35:56.216552,0.0,18.76,61.5
2025-03-24 13:35:57.243766,0.0,18.76,61.5
2025-03-24 13:35:58.272684,0.119,18.76,61.5
2025-03-24 13:35:59.301872,0.119,18.76,61.5
2025-03-24 13:36:00.328316,0.0,18.76,61.5
2025-03-24 13:36:01.356197,0.0,18.76,61.5
2025-03-24 13:36:02.386236,0.0,18.76,61.4
2025-03-24 13:36:03.413564,0.119,18.76,61.4
2025-03-24 13:36:04.441344,0.0,18.76,61.4
2025-03-24 13:36:05.469918,0.0,18.76,61.4
2025-03-24 13:36:06.496260,0.0,18.76,61.4
2025-03-24 13:36:07.523533,0.0,18.76,61.4
2025-03-24 13:36:08.551917,0.0,18.76,61.4
2025-03-24 13:36:09.577202,0.0,18.76,61.4
2025-03-24 13:36:10.604860,0.119,18.76,61.4
2025-03-24 13:36:11.633542,0.0,18.76,61.4
2025-03-24 13:36:12.661507,0.0,18.76,61.4
2025-03-24 13:36:13.693101,0.0,18.76,61.4
2025-03-24 13:36:14.719846,0.0,18.76,61.4
2025-03-24 13:36:15.746659,0.119,18.76,61.4
2025-03-24 13:36:16.776828,0.0,18.76,61.4
2025-03-24 13:36:17.805614,0.0,18.76,61.4
2025-03-24 13:36:18.832425,0.119,18.76,61.4
2025-03-24 13:36:19.860679,0.119,18.76,61.4
2025-03-24 13:36:20.888716,0.119,18.76,61.4
2025-03-24 13:36:21.917847,0.0,18.76,61.4
2025-03-24 13:36:22.945182,0.119,18.76,61.4
2025-03-24 13:36:23.974685,0.0,18.76,61.4
2025-03-24 13:36:25.002988,0.0,18.76,61.4
2025-03-24 13:36:26.031707,0.0,18.76,61.4
2025-03-24 13:36:27.059056,0.0,18.76,61.4
2025-03-24 13:36:28.089845,0.0,18.76,61.4
2025-03-24 13:36:29.117172,0.0,18.76,61.4
2025-03-24 13:36:30.144662,0.0,18.76,61.4
2025-03-24 13:36:31.172221,0.0,18.76,61.4
2025-03-24 13:36:32.200431,0.0,18.76,61.4
2025-03-24 13:36:33.229009,0.0,18.76,61.4
2025-03-24 13:36:34.260206,0.0,18.76,61.4
2025-03-24 13:36:35.293258,0.119,18.76,61.4
2025-03-24 13:36:36.320810,0.0,18.76,61.4
2025-03-24 13:36:37.347885,0.119,18.76,61.4
2025-03-24 13:36:38.381062,0.0,18.76,61.4
2025-03-24 13:36:39.409860,0.0,18.76,61.4
2025-03-24 13:36:40.444505,0.119,18.76,61.4
2025-03-24 13:36:41.471596,0.0,18.76,61.4
2025-03-24 13:36:42.499784,0.0,18.76,61.4
2025-03-24 13:36:43.528022,0.0,18.76,61.4
2025-03-24 13:36:44.556100,0.0,18.76,61.4
2025-03-24 13:36:45.584042,0.0,18.76,61.4
2025-03-24 13:36:46.610895,0.0,18.76,61.4
2025-03-24 13:36:47.637233,0.0,18.76,61.4
2025-03-24 13:36:48.665400,0.119,18.76,61.4
2025-03-24 13:36:49.693518,0.119,18.76,61.4
2025-03-24 13:36:50.721950,0.119,18.76,61.4
2025-03-24 13:36:51.753706,0.0,18.76,61.4
2025-03-24 13:36:52.781768,0.119,18.76,61.4
2025-03-24 13:36:53.809559,0.0,18.76,61.4
2025-03-24 13:36:54.840793,0.0,18.76,61.4
2025-03-24 13:36:55.868302,0.0,18.76,61.4
2025-03-24 13:36:56.896553,0.119,18.76,61.4
2025-03-24 13:36:57.926027,0.0,18.76,61.4
2025-03-24 13:36:58.954633,0.0,18.76,61.4
2025-03-24 13:36:59.983750,0.0,18.76,61.4
2025-03-24 13:37:01.010847,0.0,18.76,61.4
2025-03-24 13:37:02.042293,0.0,18.76,61.4
2025-03-24 13:37:03.070471,0.119,18.76,61.4
2025-03-24 13:37:04.099234,0.0,18.76,61.4
2025-03-24 13:37:05.127911,0.0,18.76,61.4
2025-03-24 13:37:06.156315,0.0,18.76,61.4
2025-03-24 13:37:07.185266,0.0,18.76,61.4
2025-03-24 13:37:08.213487,0.119,18.76,61.4
2025-03-24 13:37:09.242868,0.0,18.76,61.4
2025-03-24 13:37:10.272510,0.119,18.76,61.4
2025-03-24 13:37:11.301201,0.0,18.76,61.4
2025-03-24 13:37:12.330200,0.0,18.76,61.4
2025-03-24 13:37:13.358932,0.0,18.76,61.4
2025-03-24 13:37:14.388100,0.0,18.76,61.4
2025-03-24 13:37:15.416140,0.119,18.76,61.4
2025-03-24 13:37:16.444283,0.0,18.76,61.4
2025-03-24 13:37:17.473322,0.0,18.76,61.4
2025-03-24 13:37:18.500919,0.0,18.76,61.4
2025-03-24 13:37:19.529401,0.0,18.76,61.4
2025-03-24 13:37:20.557560,0.119,18.76,61.4
2025-03-24 13:37:21.585129,0.0,18.76,61.4
2025-03-24 13:37:22.618571,0.0,18.76,61.4
2025-03-24 13:37:23.645796,0.0,18.76,61.4
2025-03-24 13:37:24.676069,0.0,18.76,61.4
2025-03-24 13:37:25.704276,0.0,18.76,61.4
2025-03-24 13:37:26.733510,0.0,18.76,61.4
2025-03-24 13:37:27.762418,0.0,18.76,61.4
2025-03-24 13:37:28.790886,0.0,18.76,61.4
2025-03-24 13:37:29.821774,0.0,18.76,61.4
2025-03-24 13:37:30.850789,0.0,18.76,61.4
2025-03-24 13:37:31.882457,0.0,18.76,61.4
2025-03-24 13:37:32.912137,0.119,18.76,61.4
2025-03-24 13:37:33.940343,0.0,18.76,61.4
2025-03-24 13:37:34.969970,0.0,18.76,61.4
2025-03-24 13:37:35.998617,0.0,18.76,61.4
2025-03-24 13:37:37.026832,0.0,18.76,61.4
2025-03-24 13:37:38.056504,0.0,18.76,61.4
2025-03-24 13:37:39.087494,0.0,18.76,61.4
2025-03-24 13:37:40.115262,0.0,18.76,61.4
2025-03-24 13:37:41.143578,0.0,18.76,61.4
2025-03-24 13:37:42.172941,0.0,18.76,61.4
2025-03-24 13:37:43.201429,0.119,18.76,61.4
2025-03-24 13:37:44.231198,0.0,18.76,61.4
2025-03-24 13:37:45.258833,0.0,18.76,61.4
2025-03-24 13:37:46.294917,0.0,18.76,61.4
2025-03-24 13:37:47.323010,0.119,18.76,61.4
2025-03-24 13:37:48.354445,0.119,18.76,61.4
2025-03-24 13:37:49.383931,0.0,18.76,61.4
2025-03-24 13:37:50.412711,0.0,18.76,61.4
2025-03-24 13:37:51.441884,0.0,18.76,61.4
2025-03-24 13:37:52.472262,0.119,18.76,61.4
2025-03-24 13:37:53.499793,0.0,18.76,61.4
2025-03-24 13:37:54.528512,0.0,18.76,61.4
2025-03-24 13:37:55.558305,0.0,17.733,61.4
2025-03-24 13:37:56.588003,0.0,17.733,61.4
2025-03-24 13:37:57.615001,0.0,17.733,61.4
2025-03-24 13:37:58.642537,0.0,17.733,61.4
2025-03-24 13:37:59.670963,0.119,17.733,61.4
2025-03-24 13:38:00.699530,0.119,17.733,61.4
2025-03-24 13:38:01.727278,0.0,17.733,61.4
2025-03-24 13:38:02.754396,0.0,17.733,61.4
2025-03-24 13:38:03.783672,0.119,17.733,61.4
2025-03-24 13:38:04.812152,0.0,17.733,61.4
2025-03-24 13:38:05.840320,0.0,17.733,61.4
2025-03-24 13:38:06.868669,0.0,17.733,61.4
2025-03-24 13:38:07.897040,0.0,17.733,61.4
2025-03-24 13:38:08.925369,0.0,17.733,61.4
2025-03-24 13:38:09.954374,0.0,17.733,61.4
2025-03-24 13:38:10.982634,0.0,17.733,61.4
2025-03-24 13:38:12.011410,0.119,17.733,61.4
2025-03-24 13:38:13.040908,0.0,17.733,61.4
2025-03-24 13:38:14.069413,0.119,17.733,61.4
2025-03-24 13:38:15.099167,0.0,17.733,61.4
2025-03-24 13:38:16.127391,0.119,17.733,61.4
2025-03-24 13:38:17.154298,0.119,17.733,61.4
2025-03-24 13:38:18.183900,0.0,17.733,61.3
2025-03-24 13:38:19.212833,0.0,17.733,61.3
2025-03-24 13:38:20.241243,0.0,17.733,61.3
2025-03-24 13:38:21.268214,0.119,17.733,61.3
2025-03-24 13:38:22.295440,0.0,17.733,61.3
2025-03-24 13:38:23.324532,0.0,17.733,61.3
2025-03-24 13:38:24.352984,0.0,17.733,61.3
2025-03-24 13:38:25.381195,0.0,17.733,61.3
2025-03-24 13:38:26.409713,0.0,17.733,61.3
2025-03-24 13:38:27.437905,0.0,17.733,61.3
2025-03-24 13:38:28.466732,0.0,17.733,61.3
2025-03-24 13:38:29.497017,0.119,17.733,61.3
2025-03-24 13:38:30.525913,0.119,17.733,61.3
2025-03-24 13:38:31.555157,0.0,17.733,61.3
2025-03-24 13:38:32.583523,0.0,17.733,61.3
2025-03-24 13:38:33.611431,0.119,17.733,61.3
2025-03-24 13:38:34.661575,0.119,17.733,61.3
2025-03-24 13:38:35.691621,0.0,17.733,61.3
2025-03-24 13:38:36.719759,0.0,17.733,61.3
2025-03-24 13:38:37.747669,0.0,17.733,61.3
2025-03-24 13:38:38.777566,0.0,17.733,61.3
2025-03-24 13:38:39.806520,0.0,17.733,61.3
2025-03-24 13:38:40.834788,0.0,17.733,61.3
2025-03-24 13:38:41.864416,0.119,17.733,61.3
2025-03-24 13:38:42.893076,0.0,17.733,61.3
2025-03-24 13:38:43.921508,0.0,17.733,61.3
2025-03-24 13:38:44.949004,0.119,17.733,61.3
2025-03-24 13:38:45.977639,0.0,17.733,61.3
2025-03-24 13:38:47.007017,0.0,17.733,61.3
2025-03-24 13:38:48.037424,0.0,17.733,61.3
2025-03-24 13:38:49.066285,0.0,17.733,61.3
2025-03-24 13:38:50.096017,0.119,17.733,61.3
2025-03-24 13:38:51.125259,0.0,17.733,61.3
2025-03-24 13:38:52.160859,0.119,17.733,61.3
2025-03-24 13:38:53.191617,0.0,17.733,61.3
2025-03-24 13:38:54.220643,0.119,17.733,61.3
2025-03-24 13:38:55.249571,0.0,17.733,61.3
2025-03-24 13:38:56.278215,0.0,17.733,61.3
2025-03-24 13:38:57.311574,0.0,17.733,61.3
2025-03-24 13:38:58.341015,0.0,17.733,61.3
2025-03-24 13:38:59.369454,0.0,17.733,61.3
2025-03-24 13:39:00.398344,0.0,17.733,61.3
2025-03-24 13:39:01.426284,0.119,17.733,61.3
2025-03-24 13:39:02.455376,0.0,17.733,61.3
2025-03-24 13:39:03.485110,0.0,17.733,61.3
2025-03-24 13:39:04.514867,0.0,17.733,61.3
2025-03-24 13:39:05.544346,0.119,17.733,61.3
2025-03-24 13:39:06.573973,0.0,17.733,61.3
2025-03-24 13:39:07.603670,0.119,17.733,61.3
2025-03-24 13:39:08.634032,0.0,17.733,61.3
2025-03-24 13:39:09.663158,0.0,17.733,61.3
2025-03-24 13:39:10.692803,0.0,17.733,61.3
2025-03-24 13:39:11.721526,0.0,17.733,61.3
2025-03-24 13:39:12.750471,0.0,17.733,61.3
2025-03-24 13:39:13.780257,0.0,17.733,61.3
2025-03-24 13:39:14.809422,0.0,17.733,61.3
2025-03-24 13:39:15.838597,0.0,17.733,61.3
2025-03-24 13:39:16.868262,0.119,17.733,61.3
2025-03-24 13:39:17.898143,0.0,17.733,61.3
2025-03-24 13:39:18.927323,0.119,17.733,61.3
2025-03-24 13:39:19.955349,0.0,17.733,61.3
2025-03-24 13:39:20.984044,0.119,17.733,61.3
2025-03-24 13:39:22.012371,0.0,17.733,61.3
2025-03-24 13:39:23.040806,0.119,17.733,61.3
2025-03-24 13:39:24.069639,0.0,17.733,61.3
2025-03-24 13:39:25.099045,0.119,17.733,61.3
2025-03-24 13:39:26.137850,0.0,17.733,61.3
2025-03-24 13:39:27.166182,0.0,17.733,61.3
2025-03-24 13:39:28.196567,0.0,17.733,61.3
2025-03-24 13:39:29.226178,0.0,17.733,61.3
2025-03-24 13:39:30.255792,0.0,17.733,61.3
2025-03-24 13:39:31.283492,0.119,17.733,61.3
2025-03-24 13:39:32.313274,0.0,17.733,61.3
2025-03-24 13:39:33.342293,0.0,17.733,61.3
2025-03-24 13:39:34.372436,0.119,17.733,61.3
2025-03-24 13:39:35.402040,0.0,17.733,61.3
2025-03-24 13:39:36.431956,0.0,17.733,61.3
2025-03-24 13:39:37.462579,0.0,17.733,61.3
2025-03-24 13:39:38.490761,0.0,17.733,61.3
2025-03-24 13:39:39.519895,0.0,17.733,61.3
2025-03-24 13:39:40.549660,0.119,17.733,61.3
2025-03-24 13:39:41.578386,0.119,17.733,61.3
2025-03-24 13:39:42.607680,0.0,17.733,61.3
2025-03-24 13:39:43.638876,0.0,17.733,61.3
2025-03-24 13:39:44.668388,0.119,17.733,61.3
2025-03-24 13:39:45.698560,0.0,17.733,61.3
2025-03-24 13:39:46.728098,0.119,17.733,61.3
2025-03-24 13:39:47.757030,0.0,17.733,61.3
2025-03-24 13:39:48.785480,0.119,17.733,61.3
2025-03-24 13:39:49.814901,0.0,17.733,61.3
2025-03-24 13:39:50.844996,0.0,17.733,61.3
2025-03-24 13:39:51.876847,0.0,17.733,61.3
2025-03-24 13:39:52.905876,0.0,17.733,61.3
2025-03-24 13:39:53.933565,0.119,17.733,61.3
2025-03-24 13:39:54.962031,0.0,17.733,61.3
2025-03-24 13:39:55.992773,0.0,17.733,61.3
2025-03-24 13:39:57.022778,0.0,17.733,61.3
2025-03-24 13:39:58.053511,0.119,17.733,61.3
2025-03-24 13:39:59.082797,0.0,17.733,61.3
2025-03-24 13:40:00.113436,0.0,17.733,61.3
2025-03-24 13:40:01.144004,0.0,17.733,61.3
2025-03-24 13:40:02.173614,0.0,17.733,61.3
2025-03-24 13:40:03.201825,0.0,17.733,61.3
2025-03-24 13:40:04.230041,0.0,17.733,61.3
2025-03-24 13:40:05.259017,0.0,17.733,61.3
2025-03-24 13:40:06.288037,0.0,17.733,61.3
2025-03-24 13:40:07.316660,0.0,17.733,61.3
2025-03-24 13:40:08.345630,0.0,17.733,61.3
2025-03-24 13:40:09.374818,0.119,17.733,61.3
2025-03-24 13:40:10.403296,0.0,17.733,61.3
2025-03-24 13:40:11.437632,0.0,17.733,61.3
2025-03-24 13:40:12.466809,0.0,17.733,61.3
2025-03-24 13:40:13.495752,0.119,17.733,61.3
2025-03-24 13:40:14.525205,0.119,17.733,61.3
2025-03-24 13:40:15.553963,0.0,17.733,61.3
2025-03-24 13:40:16.582676,0.0,17.733,61.3
2025-03-24 13:40:17.612253,0.0,17.733,61.3
2025-03-24 13:40:18.642468,0.0,17.733,61.3
2025-03-24 13:40:19.671845,0.119,17.733,61.3
2025-03-24 13:40:20.701429,0.119,17.733,61.3
2025-03-24 13:40:21.730344,0.0,17.733,61.3
2025-03-24 13:40:22.760557,0.119,17.733,61.3
2025-03-24 13:40:23.789690,0.119,17.733,61.3
2025-03-24 13:40:24.819101,0.0,17.733,61.3
2025-03-24 13:40:25.847542,0.0,17.733,61.3
2025-03-24 13:40:26.876213,0.0,17.733,61.3
2025-03-24 13:40:27.907443,0.0,17.733,61.3
2025-03-24 13:40:28.936182,0.0,17.733,61.3
2025-03-24 13:40:29.966292,0.119,17.733,61.3
2025-03-24 13:40:30.997246,0.0,17.733,61.3
2025-03-24 13:40:32.026693,0.0,17.733,61.3
2025-03-24 13:40:33.055912,0.119,17.733,61.3
2025-03-24 13:40:34.083796,0.0,17.733,61.3
2025-03-24 13:40:35.112503,0.0,17.733,61.3
2025-03-24 13:40:36.141602,0.119,17.733,61.3
2025-03-24 13:40:37.170854,0.0,17.733,61.3
2025-03-24 13:40:38.200378,0.0,17.733,61.3
2025-03-24 13:40:39.230951,0.0,17.733,61.3
2025-03-24 13:40:40.260973,0.119,17.733,61.2
2025-03-24 13:40:41.291342,0.0,17.733,61.2
2025-03-24 13:40:42.322018,0.119,17.733,61.2
2025-03-24 13:40:43.353527,0.0,17.733,61.2
2025-03-24 13:40:44.384846,0.0,17.733,61.2
2025-03-24 13:40:45.415512,0.119,17.733,61.2
2025-03-24 13:40:46.445325,0.119,17.733,61.2
2025-03-24 13:40:47.475770,0.0,17.733,61.2
2025-03-24 13:40:48.507450,0.0,17.733,61.2
2025-03-24 13:40:49.538676,0.0,17.733,61.2
2025-03-24 13:40:50.567660,0.0,17.733,61.2
2025-03-24 13:40:51.596223,0.0,17.733,61.2
2025-03-24 13:40:52.627756,0.0,17.733,61.2
2025-03-24 13:40:53.657956,0.0,17.733,61.2
2025-03-24 13:40:54.688237,0.0,17.733,61.2
2025-03-24 13:40:55.718742,0.0,17.733,61.2
2025-03-24 13:40:56.749389,0.0,17.733,61.2
2025-03-24 13:40:57.781071,0.119,17.733,61.2
2025-03-24 13:40:58.811104,0.0,17.733,61.2
2025-03-24 13:40:59.841130,0.119,17.733,61.2
2025-03-24 13:41:00.870262,0.0,17.733,61.2
2025-03-24 13:41:01.900129,0.0,17.733,61.2
2025-03-24 13:41:02.930691,0.119,17.733,61.2
2025-03-24 13:41:03.966341,0.119,17.733,61.2
2025-03-24 13:41:05.000325,0.0,17.733,61.2
2025-03-24 13:41:06.028832,0.0,17.733,61.2
2025-03-24 13:41:07.059863,0.0,17.733,61.2
2025-03-24 13:41:08.093265,0.0,17.733,61.2
2025-03-24 13:41:09.127231,0.119,17.733,61.2
2025-03-24 13:41:10.157034,0.0,17.733,61.2
2025-03-24 13:41:11.189695,0.0,17.733,61.2
2025-03-24 13:41:12.221368,0.0,17.733,61.2
2025-03-24 13:41:13.250247,0.0,17.733,61.2
2025-03-24 13:41:14.280818,0.0,17.733,61.2
2025-03-24 13:41:15.311564,0.119,17.733,61.2
2025-03-24 13:41:16.339571,0.119,17.733,61.2
2025-03-24 13:41:17.369790,0.0,17.733,61.2
2025-03-24 13:41:18.400241,0.0,17.733,61.2
2025-03-24 13:41:19.430301,0.0,17.733,61.2
2025-03-24 13:41:20.460191,0.119,17.733,61.2
2025-03-24 13:41:21.488925,0.0,17.733,61.2
2025-03-24 13:41:22.521008,0.0,17.733,61.2
2025-03-24 13:41:23.551719,0.0,17.733,61.2
2025-03-24 13:41:24.583315,0.119,17.733,61.2
2025-03-24 13:41:25.614434,0.0,17.733,61.2
2025-03-24 13:41:26.643954,0.119,17.733,61.2
2025-03-24 13:41:27.679384,0.119,17.733,61.2
2025-03-24 13:41:28.709371,0.0,17.733,61.2
2025-03-24 13:41:29.739720,0.0,17.733,61.2
2025-03-24 13:41:30.771516,0.0,17.733,61.2
2025-03-24 13:41:31.802535,0.0,17.733,61.2
2025-03-24 13:41:32.835872,0.119,17.733,61.2
2025-03-24 13:41:33.869861,0.119,17.733,61.2
2025-03-24 13:41:34.898606,0.0,17.733,61.2
2025-03-24 13:41:35.929133,0.0,17.733,61.2
2025-03-24 13:41:36.960042,0.0,17.733,61.2
2025-03-24 13:41:37.994054,0.0,17.733,61.2
2025-03-24 13:41:39.024578,0.119,17.733,61.2
2025-03-24 13:41:40.054952,0.0,17.733,61.2
2025-03-24 13:41:41.085845,0.0,17.733,61.2
2025-03-24 13:41:42.115244,0.119,17.733,61.2
2025-03-24 13:41:43.146463,0.0,17.733,61.2
2025-03-24 13:41:44.175721,0.0,17.733,61.2
2025-03-24 13:41:45.205762,0.0,17.733,61.2
2025-03-24 13:41:46.236127,0.0,17.733,61.2
2025-03-24 13:41:47.267390,0.0,17.733,61.2
2025-03-24 13:41:48.297165,0.0,17.733,61.2
2025-03-24 13:41:49.329291,0.0,17.733,61.2
2025-03-24 13:41:50.365087,0.0,17.733,61.2
2025-03-24 13:41:51.395124,0.0,17.733,61.2
2025-03-24 13:41:52.425794,0.0,17.733,61.2
2025-03-24 13:41:53.455343,0.0,17.733,61.2
2025-03-24 13:41:54.490470,0.119,17.733,61.2
2025-03-24 13:41:55.525055,0.119,17.733,61.2
2025-03-24 13:41:56.554942,0.0,17.733,61.2
2025-03-24 13:41:57.584883,0.0,17.733,61.2
2025-03-24 13:41:58.617562,0.119,17.733,61.2
2025-03-24 13:41:59.649902,0.0,17.733,61.2
2025-03-24 13:42:00.681989,0.0,17.733,61.2
2025-03-24 13:42:01.714506,0.0,17.733,61.2
2025-03-24 13:42:02.746315,0.119,17.733,61.2
2025-03-24 13:42:03.783321,0.119,17.733,61.2
2025-03-24 13:42:04.814253,0.119,17.733,61.2
2025-03-24 13:42:05.848869,0.119,17.733,61.2
2025-03-24 13:42:06.877863,0.119,17.733,61.2
2025-03-24 13:42:07.912165,0.0,17.733,61.2
2025-03-24 13:42:08.943236,0.0,17.733,61.2
2025-03-24 13:42:09.977306,0.0,17.733,61.2
2025-03-24 13:42:11.007041,0.0,17.733,61.2
2025-03-24 13:42:12.038689,0.119,17.733,61.2
2025-03-24 13:42:13.068942,0.0,17.733,61.2
2025-03-24 13:42:14.099892,0.0,17.733,61.2
2025-03-24 13:42:15.136267,0.0,17.733,61.2
2025-03-24 13:42:16.167180,0.0,17.733,61.2
2025-03-24 13:42:17.197394,0.0,17.733,61.2
2025-03-24 13:42:18.227461,0.119,17.733,61.2
2025-03-24 13:42:19.259020,0.0,17.733,61.2
2025-03-24 13:42:20.292576,0.0,17.733,61.2
2025-03-24 13:42:21.322857,0.0,17.733,61.2
2025-03-24 13:42:22.354250,0.0,17.733,61.2
2025-03-24 13:42:23.385177,0.0,17.733,61.2
2025-03-24 13:42:24.414638,0.0,17.733,61.2
2025-03-24 13:42:25.446600,0.0,17.733,61.2
2025-03-24 13:42:26.477888,0.119,17.733,61.2
2025-03-24 13:42:27.509357,0.0,17.733,61.2
2025-03-24 13:42:28.539687,0.0,17.733,61.2
2025-03-24 13:42:29.570862,0.119,17.733,61.2
2025-03-24 13:42:30.601699,0.0,17.733,61.2
2025-03-24 13:42:31.632265,0.0,17.733,61.2
2025-03-24 13:42:32.663069,0.0,17.733,61.2
2025-03-24 13:42:33.695008,0.119,17.733,61.2
2025-03-24 13:42:34.727800,0.119,17.733,61.2
2025-03-24 13:42:35.761574,0.119,17.733,61.2
2025-03-24 13:42:36.794409,0.0,17.733,61.2
2025-03-24 13:42:37.829740,0.0,17.733,61.2
2025-03-24 13:42:38.861452,0.119,17.733,61.2
